SOURCES — every source with tier and retrieval date,,,,,
,,,,,
ID,Source,Tier,URL,Retrieved,Used for
S1,"NESO, Final TNUoS Tariffs 2025/26 v1.0, Jan 2025 (report + tables wb)",1,https://www.neso.energy/document/353086/download ; tables https://www.neso.energy/document/353061/download,2026-07-14,"Zone 5, zero floor, T-Demand4 £12,796.715359/site/day, thresholds, App. H map (GN2)"
S2,"NESO, Final TNUoS Tariffs 2026/27 v1.0, Jan 2026 (report + tables wb)",1,https://www.neso.energy/document/376336/download ; tables https://www.neso.energy/document/376341/download,2026-07-14,"2026/27 T-Demand4 £20,829.236682/site/day; re-set thresholds (>163,880 MWh) | Sheet TB 'Non-locational banded charges' (retr. 2026-07-27, Q101) = the banding-basis primary: LVN on annual kWh; LV/HV/EHV on agreed kVA (HV 500/1,100/2,000); T-Demand on annual MWh (25,131/64,451/163,880). Percentiles 40/70/85 except T-Demand 40/70/93. 2026/27 HV4 £528.912335/site/day, T-Demand3 £7,586.413858, T-Demand4 £20,829.236682. Thresholds hold for the RIIO-ET3 period."
S3,"NESO, Transmission Connected Sites Residual Charging Bands (23.05.2025)",1,https://www.neso.energy/document/361646/download,2026-07-14,Per-site band allocations TRN1–TRN4
S4,"DESNZ, QEP tables 3.4.1/3.4.2 (table_341.xlsx, pub. 30.06.2026)",1,https://assets.publishing.service.gov.uk/media/6942bd3536f089d38be1f246/table_341.xlsx,2026-07-14,GN1: Extra Large 2024 = 21.697864840 p/kWh excl CCL; 22.146381945 incl CCL
S5,"DBT, NCC uplift consultation response (upd. 31.10.2025)",1,https://www.gov.uk/government/consultations/network-charging-compensation-scheme-uplift-for-energy-intensive-industries/outcome/proposed-uplift-to-the-network-charging-compensation-scheme-for-energy-intensive-industries-eiis-government-consultation-response,2026-07-14,"BIS: 100% CfD/RO/FiT (04/2024), 100% CM (10/2024), NCC 60%→90% from 01.04.2026; ESL recovery"
S6,"UK legislation: SI 2024/409; SI 2026/243; Electricity Act 1989 ss.4, 64",1,https://www.legislation.gov.uk/,2026-07-14,EII regs; 132kV transmission/distribution split
S7,"National Grid, Grimsby-Walpole 'Need for project'; Northern Powergrid about-us",1,https://www.nationalgrid.com/electricity-transmission/network-and-infrastructure/infrastructure-projects/grimsby-to-walpole/need-for-project ; https://www.northernpowergrid.com/about-us,2026-07-14,DNO attribution: both Humber banks = Northern Powergrid
S8,"StromNEV consolidated text (gesetze-im-internet.de): §3, §14a–d, §19",1,https://www.gesetze-im-internet.de/stromnev/,2026-07-14,Harmonised ÜNB charges since 01.01.2023; §19(2) floors 20/15/10% verbatim
S9,"BNetzA GBK, AgNes Orientierungspunkte Industrienetzentgelte, 22.04.2026 (GBK-25-01-1#3)",1,https://www.bundesnetzagentur.de/DE/Beschlusskammern/1_GZ/GBK-GZ/2025/GBK-25-01-1x3_AgNes/Downloads/Orientierungspunkte_Industr_NetzE.pdf,2026-07-14,§19 reform path (StromNEV expiry end-2028; Bandlast transition to 2031); 555 sites; 68 HS sites avg rebate ≈76% (€242m of €317.36m)
S10,§24c EnWG; Bundesregierung 'Niedrigere Stromkosten' 22.12.2025,1,https://www.gesetze-im-internet.de/enwg_2005/__24c.html ; https://www.bundesregierung.de/breg-de/aktuelles/niedrigere-netzentgelte-2382396,2026-07-14,"€6.5bn 2026 transmission subsidy (KTF), 10× €650m instalments, 2026 only"
S11,"netztransparenz.de: Aufschlag besondere Netznutzung 2025/2026 + Datenbasis; KWKG-, Offshore-Umlage 2025/2026; ÜNB-Preisblatt 2026 (05.12.2025)",1,https://www.netztransparenz.de/,2026-07-14,Levy values (A' 1.558/1.559; B' 0.050; C' 0.025 ct/kWh); §19 foregone revenue by limb (2026: atypical €379.48m; Bandlast €905.10m); NO privileged volumes published
S12,"StromStG §3, §9b (as amended by BGBl. 2025 I Nr. 340); KAV §2",1,https://www.gesetze-im-internet.de/stromstg/ ; https://www.gesetze-im-internet.de/kav/,2026-07-14,"Stromsteuer 20.50 €/MWh, manufacturing relief 20 €/MWh → effective 0.50 (permanent from 2026); Konzessionsabgabe max 0.11 ct/kWh, Grenzpreis rule"
S13,BDEW-Strompreisanalyse April 2026 (15.04.2026),1,https://www.bdew.de/media/documents/BDEW_Strompreisanalyse_042026.pdf,2026-07-14,GN3: 2025 = 17.6 ct/kWh; 2026 = 16.7; Musterkunde definition Folie 2; Eurostat-band figures Folie 16
S14,Eurostat nrg_pc_205 (dissemination API; update 2026-05-19),1,https://ec.europa.eu/eurostat/api/dissemination/statistics/1.0/data/nrg_pc_205,2026-07-14,GN4: DE band IF 2024 X_VAT 0.1394/0.1430 EUR/kWh (X_TAX 0.1276/0.1313)
S15,NDRC 发改价格〔2023〕526号 + annex 省级电网输配电价表,1,https://www.ndrc.gov.cn/xxgk/zcfb/tz/202305/t20230515_1355747.html ; annex https://www.ndrc.gov.cn/xxgk/zcfb/tz/202305/P020230515609052875117.pdf,2026-07-14,GN5: Jiangsu 220kV 两部制 0.0597 元/kWh; 需量 41.6 元/kW·月; 容量 26.0 元/kVA·月; line-loss rate 3.18%
S16,"SGCC Jiangsu, 2026年3月代理购电工商业用户电价公告 (附件6)",1,http://www.js.sgcc.com.cn/images/xxgk/gwczgdgs/djhsfbz/2026/02/26/1476497683668692992.pdf,2026-07-14,Cross-check GN5 still applied 03/2026; 1.5× 高耗能 penalty verbatim; 煤电容量电费 0.0350 元/kWh pass-through
S17,NDRC 发改价格〔2025〕136号 (新能源上网电价市场化改革),1,https://www.ndrc.gov.cn/xxgk/zcfb/tz/202502/t20250209_1396066.html,2026-07-14,2026 structural break; 存量/增量 cutoff 01.06.2025
S18,NDRC 发改价格〔2023〕1501号 (煤电容量电价) + 发改价格〔2026〕114号,1,https://www.ndrc.gov.cn/xxgk/zcfb/tz/202311/t20231110_1361897.html ; https://www.ndrc.gov.cn/xxgk/zcfb/tz/202601/t20260130_1403524.html,2026-07-14,容量电价 330 元/kW·yr benchmark; recovery ≥50% from 2026
S19,Provincial 2024 consumption sources (7): GD bulletin PDF; SD stats bureau; NEA Henan; jiangsu.gov.cn (SGCC CSR); 新华网/国网浙江; 内蒙古太阳能行业协会; Sichuan Energy Bureau director article,1/2 mixed,see assumptions tab C-section notes,2026-07-14,Basket weights — category flags per province in assumptions tab
S20,"FRED/Fed H.10-G.5A (DEXUSUK, DEXUSEU, DEXCHUS); G.5A release 05.01.2026",1,https://www.federalreserve.gov/releases/g5a/current/ ; https://fred.stlouisfed.org/,2026-07-14,FX annual averages 2020–2025
S21,"BLS Public Data API v2, CUUR0000SA0 M13",1,https://api.bls.gov/publicAPI/v2/timeseries/data/,2026-07-14,"CPI-U annual averages 2020–2025 (2025 = 321.943, final)"
S22,"NDRC 发改价格规〔2025〕1490号 (4th-period pricing methods, 27.11.2025)",1,https://www.ndrc.gov.cn/xxgk/zcfb/ghxwj/202511/t20251127_1401964.html,2026-07-14,4th regulatory period preparation — context for qc item Q1
S23,"163.com/预见能源 report on 发改价格〔2026〕1077号 (4th-period T&D prices, reported 10.07.2026)",3,https://www.163.com/dy/article/L1NFPL6D05118O92.html,2026-07-14,TIER 3 — locator only. NO figure enters any chart/table from this source. Third period retained per decision D13.
S24,"广东统计年鉴2025, 表7-6 分行业能源消费总量和原煤、电力消费量 (2024年)",1,http://stats.gd.gov.cn/gdtjnj/content/post_4810393.html (ZIP: .../615394/4810393.zip),2026-07-14,GD 2024: 消费总量 9121.03; 工业合计 5217.39; 建筑业 102.68 (NBS energy classification). Confirms no 第二产业 aggregate published.
S25,国网浙江省电力 via 新华网浙江 (2025-01-20); NEA Henan 12月通报 表2; Shandong stats bureau note (2025-01-22),1,http://zj.news.cn/20250120/eafe98e109de4e9f9f6d5af0ccafb248/c.html ; https://henb.nea.gov.cn/dtyw/sjfd/202501/t20250120_275548.html ; http://tjj.shandong.gov.cn/art/2025/1/22/art_6227_10316253.html,2026-07-14,Set C 第二产业 2024: ZJ 4515.5; HN 2330.71 (row sum check ✓); SD 6071.1
S26,川投能源 2024年年度报告摘要 via 上海证券报 (2025-04-12),2,https://paper.cnstock.com/html/2025-04/12/content_2048342.htm,2026-07-14,"SC 2024 全社会用电量 3999.69 亿千瓦时 (+7.77%) — Tier 2, corroborates official rounded 4000 (Sichuan Energy Bureau director article)"
S27,"DESNZ, Electricity Generation Costs 2023 (Nov 2023) + Annex A 2023",1,https://www.gov.uk/government/publications/electricity-generation-costs-2023,2026-07-14,"UK LCOE 2025 commissioning, real 2021 £ (Table 10 p.24; Annex A assumptions incl. hurdle rates 5.0–7.5%) — headline UK leg per decision D16"
S28,"DESNZ, Electricity Generation Costs 2025 (14.01.2026, upd. 18.03.2026) + Annexes A/B; CEPA hurdle-rate study (06.10.2025)",1,https://www.gov.uk/government/publications/electricity-generation-costs-2025 ; https://assets.publishing.service.gov.uk/media/68cd1d818c44a661b4995d9f/cepa-desnz-hurdle-rates-electricity.pdf,2026-07-14,"Newer edition: starts 2030 commissioning, real 2024 £; no coal, no nuclear (commercially sensitive); new carbon methodology — NOT headline (D16), cited as context"
S29,"Fraunhofer ISE, Stromgestehungskosten Erneuerbare Energien, Juli 2024",1,https://www.ise.fraunhofer.de/content/dam/ise/de/documents/publications/studies/DE2024_ISE_Studie_Stromgestehungskosten_Erneuerbare_Energien.pdf,2026-07-14,"DE LCOE bands, real 2024 EUR, all 7 techs incl. new-build coal & nuclear (excl. back-end); tech-specific real WACC 3.2–7.8% (Tab. 2); no 2025/26 edition exists"
S30,"IEA, World Energy Outlook 2025 (12.11.2025), Annex B Tables B.4a–c",1,https://iea.blob.core.windows.net/assets/9753df19-0a71-422a-b725-012c555763b3/WorldEnergyOutlook2025.pdf,2026-07-14,"CN LCOE 2024 (2024 USD): coal 65 / CCGT 100 / nuclear 70 / PV 45 / onshore 40 / offshore 60; WACC 8–9% thermal-nuclear, 4–7% PV/onshore, 5–8% offshore (p.453–455)"
S31,"IEA/NEA, Projected Costs of Generating Electricity 2020 (9th ed.; latest as of 2026-07-14)",1,https://www.oecd-nea.org/upload/docs/application/pdf/2020-12/egc-2020_2020-12-09_18-26-46_781.pdf,2026-07-14,"Published harmonised @3/7/10% real, 2018 USD; CN full set (coal 74.66 / CCGT 84.00 / nuclear 66.01 @7%); DE hydro only; UK absent; CN data Secretariat-compiled"
S32,"CREEI 水电水利规划设计总院, 中国可再生能源工程造价管理报告2024年度 (28.05.2025), via CPEM + 光伏們/Sina reproductions",1,http://www.cpem.org.cn/list68/108339.html ; https://finance.sina.com.cn/stock/relnews/cn/2025-05-28/doc-ineycrwx0433267.shtml,2026-07-14,CN renewables LCOE @5% 折现率: PV ~0.20 / onshore ~0.18 / offshore 0.25–0.33 元/kWh; capex 3450/4200/9680 元/kW. Primary PDF not retrievable — verified via 2 independent reproductions (qc Q13)
S33,"IRENA, Renewable Power Generation Costs in 2024 (Jul 2025)",1,https://www.irena.org/-/media/Files/IRENA/Agency/Publication/2025/Jul/IRENA_TEC_RPGC_in_2024_2025.pdf,2026-07-14,"CN cross-check (2024 USD): PV $0.033 / onshore $0.029 / offshore $0.056 per kWh; offshore TIC $1,520/kW, CF 37%"
S34,BloombergNEF LCOE press releases (06.02.2025; 18.02.2026); RMI Decoding the Coal Power Transition in China (2025); Lazard LCOE+ 2025,2,https://about.bnef.com/ ; https://rmi.org/download/45924/,2026-07-14,Checked per user direction (D17): BNEF China absolutes paywalled (global benchmarks only); RMI has NO quantitative China LCOE; Lazard US-only. Context citations only — no figures enter charts
S35,BLS CPI-U CUUR0000SA0 M13 annual averages 2010–2019,1,https://api.bls.gov/publicAPI/v2/timeseries/data/,2026-07-14,Deflators for older price bases (2018 USD EGC: CPI 251.107)
S36,"NDRC 发改价格〔2026〕1077号 (第四监管周期省级电网输配电价, signed 08.07.2026, published 10.07.2026) + Annex 1 省级电网输配电价表 (PDF 34pp) + Annex 2",1,https://www.ndrc.gov.cn/xxgk/zcfb/tz/202607/t20260710_1406431.html ; annex https://www.ndrc.gov.cn/xxgk/zcfb/tz/202607/P020260710613207914509.pdf,2026-07-14,"4th-period T&D, effective 01.08.2026. All 7 basket provinces extracted (cn_td tab). Jiangsu 220kV volumetric −13.2%; new 单一制 110/220kV classes; per-province 省内 line-loss rates restated. Resolves qc Q1 (D13-R)"
S37,UK series scoping archives: NESO TNUoS per-year sections + pre-2021/22 archive + Triad data (2010-11+); DESNZ QEP table 3.4.1 quarterly 2004Q1–2026Q1 / annual 2004–2025 (verified in-file); Ofgem RO/FiT/CfD-ILR/CM scheme archives; CCL via National Archives (gov.uk page prunes old years),1,https://www.neso.energy/industry-information/charging/tnuos-charges ; https://www.gov.uk/government/statistical-data-sets/gas-and-electricity-prices-in-the-non-domestic-sector,2026-07-14,Stage-4 UK retrieval map. Binding constraint: free year-ahead wholesale from ~2010 (Ofgem forward indicator; pre-2010 = paywalled ICIS/ICE). NPg CDCM archive verified only to ~2017 online (qc Q19)
S38,"DE series scoping archives: Amprion Netzentgelte archive complete to 01.10.2000 incl. RWE/VEW predecessors; netztransparenz.de single archive for all Umlagen (EEG/KWKG/§19/Offshore/AbLaV); BNetzA Monitoringberichte 2006–2025 (direct PDF links verified); DEHSt SPK Auswertungsberichte 2013+; Eurostat nrg_pc_205 DE from 2007-S1 (SDMX-verified), predecessor nrg_pc_205_h DE weak pre-2004",1,https://www.amprion.net/Strommarkt/Netzkunde/Netzentgelte/Bisherige-Nutzungsentgelte-(informell).html ; https://www.netztransparenz.de/ ; https://www.bundesnetzagentur.de/DE/Fachthemen/ElektrizitaetundGas/Monitoringberichte/Monitoringberichte_table.html,2026-07-14,"Stage-4 DE retrieval map. EEX Cal-Y paywalled → BNetzA MB annual Cal-Y values are the free backbone (2006-07+). Westnetz MS sheets on-site ~2020+ only (D20, qc Q20). 2026: Westnetz publishes 'ohne Bundeszuschuss' variant sheet — carry both"
S39,"CN series scoping archives: catalogue-tariff adjustment notices on ndrc.gov.cn from ~2004 (dense 2009+); provincial DRC tables (GD 2004+, JS 2015/2018, SD 2018 verified); 代理购电 monthly archives complete to 12/2021 (SGCC Jiangsu 109 items verified); T&D periods 2017/2020/2023/2026 all retrievable; renewable-surcharge step history 2006→2016 (NDRC notices); NEA 电价监管通报 per-province validation anchors 2013–2017 (2017 PDF verified: national 大工业 avg 597.85 元/MWh)",1,see qc/decisions for URLs; NEA 2017 通报: http://www.nea.gov.cn/137519800_15390499899481n.pdf,2026-07-14,Stage-4 CN retrieval map. Pre-2004 not reconstructible from online primary sources; pre-2021 market prices often 价差-based (qc Q22). No IEA China industrial end-use price series exists
S40,"Ofgem data portal wholesale charts (everviz embeds): 'Electricity Prices: Forward Delivery Contracts – Weekly Average (GB)' (0eDBSsofl, weekly, from 01.02.2021) and 'Day Ahead Baseload Contracts – Monthly Average (GB)' (n9WSDfgxc, monthly, from 06/2010)",1,https://cloud.highcharts.com/embed/0eDBSsofl ; https://cloud.highcharts.com/embed/n9WSDfgxc (inline chart CSV extracted in-browser),2026-07-15,"UK wholesale legs (D21/D22). Annual averages computed (estimated=Y): YA obs-yr 2021: 89.49 (Feb–Dec) / 2022: 273.71 / 2023: 127.45 / 2024: 79.70 / 2025: 81.21 £/MWh; DA 2010 (Jun–Dec): 44.96 … 2025: 83.93 (full series in staging file). Underlying assessments third-party, republished by Ofgem"
S41,"NESO Final TNUoS Tariffs tables workbooks 2023/24–2026/27 (docs 275726, 301731, 353061, 376341), sheet T10 Non-locational banded charges",1,https://www.neso.energy/document/275726/download ; /301731/ ; /353061/ ; /376341/,2026-07-15,"HV4 residual (medium archetype TNUoS, TCR era): 276.988323 / 243.634626 / 317.597969 / 528.912335 £/site/day; T-Demand cross-checks"
S42,NPg (Yorkshire) LC14 CDCM statement 2019/20 via Wayback (20221130063623/…/2022-05/4821.pdf),1,https://web.archive.org/web/20221130063623/https://www.northernpowergrid.com/sites/default/files/2022-05/4821.pdf,2026-07-15,DUoS time-band hour definitions (red 16:00–19:30 etc.) for TOU weighting; direct NPg asset URLs now geo-blocked from sandbox (browser route in staging log)
S43,DESNZ QEP table_341.xlsx — full annual band series 2004–2025 (sheets 3.4.1 Annual excl CCL; Notes band definitions),1,https://assets.publishing.service.gov.uk/media/6942bd3536f089d38be1f246/table_341.xlsx,2026-07-15,"UK validation overlay: Extra Large (large archetype), Large 20,000–69,999 MWh (medium archetype — 20 GWh at band lower edge, flagged). GN1 cross-check 2024 XL = 21.6979 ✓"
S44,发改价格〔2023〕526号 annex — P3 T&D for GD/SD/ZJ/HN/蒙西/SC (in-session extraction of 两部制 rows),1,https://www.ndrc.gov.cn/xxgk/zcfb/tz/202305/P020230515609052875117.pdf,2026-07-15,cn_td B/C/F filled; cross-checks vs SD Oct-2025 (输配 0.1491) and HN May-2025 (0.168) bills ✓
S45,"Stage-4 staging files (six retrieval legs, primary citations inside): stage4_staging_{uk_wholesale_levies, uk_network, de_wholesale_levies, de_network, cn_catalogue, cn_market}.md",1,project folder UK Energy Prices/,2026-07-15,All stage4_uk / stage4_de / stage4_cn raw values; per-series primary sources cited in tab column U
S46,"Ofgem Feed-in Tariffs Annual Reports SY1–SY15 (levelisation fund, relevant supply, EII/GoO exemption mechanics)",1,"ofgem.gov.uk — 15 PDFs, e.g. /sites/default/files/2025-12/feed_in_tariff_annual_report_sy15_20251210120852.pdf",2026-07-15,stage4_uk r20; FiT £/MWh 2015–24 computed fund÷relevant supply; 2010–14 per D27
S47,"EMRS ""Key Figures for Payments"" DY2018/19–2025/26 + ESC/LCCC annual reports + DESNZ CM scheme updates",1,emrsettlement.co.uk via Wayback (incl. SPN 20260715211143 / 20260715212444); lowcarboncontracts.uk,2026-07-15,stage4_uk r21; CM settled payments & window demand; DY22/23 pre-final flagged
S48,NESO half-hourly RF BSUoS settlement files 2010/11–2022/23 + BSUoS fixed-tariff CSV (FT1–FT8 Final),1,neso.energy docs 47481/47476/47471/47466/47461/104301 + api.neso.energy 2016-2023-rf.csv + bsuos-fixed-tariffs.csv,2026-07-15,"stage4_uk r28–30; own computation (unweighted), x-check CMP250 FMR Table 2 exact"
S49,National Grid (ESO) AAHEDC charging statements / final tariff letters 2010/11–2020/21,1,neso.energy docs 47306/47316/47301/47271/47261/47236/47226/101676/119396/148076/173046,2026-07-15,stage4_uk r31
S50,SI 2024/409 + SI 2026/243 + both IAs + Elexon NCC levy pages (actual monthly levy totals; estimated levy fund) + DBT consultation response 31.10.2025 + Hansard 04.02.2026,1,legislation.gov.uk; elexon.co.uk NCC supplier & estimated-levy-fund pages; gov.uk,2026-07-15,stage4_uk r53 ESL; E2 carve-out reg 18(4)(a); levy timing (90% from levy yr 2027/28)
S51,"NPg (Yorkshire) LC14 statements 2012/13 (Common Crawl WARC), 2015/16 + 2016/17 (Wayback)",1,CC-MAIN-2013-20 offset 639035092; web.archive.org 20160530004600/downloads/1481; 20170719052401/downloads/2466,2026-07-15,stage4_uk r34–38 anchor years; sha256 in /tmp/npg_legacy + staging file
S52,EEX Phelix DE Base Cal-26 daily settlements Oct-24–Sep-25 (Stadtwerke Hamm transparency sheet) + BNetzA press 05.01.2026 + MB 2025 Abb. 78 (front-year averages 2020–24),4/1,stadtwerke-hamm.de …/Strompreis_Phelix_Baseload_Year_Future_Lfj_2026.pdf; bundesnetzagentur.de/1087156,2026-07-15,stage4_de r7 trading-2025 = 87.57 provisional (D29); cross-checks Tier 1
S53,BGBl chain: StromStG 2010 rates (BGBl I 2002/87 + amendments 2003–09) + HBeglG 2011; StromNEV §19 era (BGBl I 2011/41; 2013/50) + OLG Düsseldorf VI-3 Kart 178/12 (V) + BGH EnVR 32/13 + BNetzA BK4-13-739,1,offenegesetze.de BGBl scans; nrwe.justiz.nrw.de; bundesnetzagentur.de,2026-07-15,stage4_de r35 2010; timeseries E2 network 2011–13 (D32)
S54,"国网江苏 monthly 代理购电价格公告 archive, 42 months 2023-01–2026-06 (系统运行费 components verified by sum)",1,js.sgcc.com.cn/xxgk/gwjssdlyxgs/djhsfbz ids 10316–12987 (+2 北极星 mirrors for site attachment errors; Suzhou branch for 2025-06),2026-07-15,stage4_cn r81 JS true annuals; supersedes snapshot proxy; monthly table in gapfill staging
S55,DUKES 5.1.2 electricity supply/availability/consumption 1970–2024,1,assets.publishing.service.gov.uk/media/688a29846478525675739056/DUKES_5.1.2.xlsx,2026-07-15,FiT 2010–14 denominator (D27)
S56,SI 2024/434 Electricity Capacity (Supplier Payment etc.) (Amendment and Excluded Electricity) Regs 2024,1,legislation.gov.uk/uksi/2024/434/made,2026-07-15,CM EII exclusion from DY2024/25; distinct from SI 2024/409
S57,"SC 2024 consumption split — 硕电汇 2024年四川电力生产消费年终大总结 (北极星 mirror, chart images)",2-3,news.bjx.com.cn/html/20250123/1424280.shtml (img01.mybjx.net PNGs),2026-07-15,assumptions D42 Set-C SC weight = 第二产业 2404.56; split sums to 全社会 exactly
S58,SD 山东省电网销售电价表 consolidated PDF (post-2017-07 state + 2017 step enumeration off 131号 base),1,fgw.shandong.gov.cn/attach/-1/1812201446176826520.pdf (browser-extracted via in-page pdf.js; geo-blocked to sandbox),2026-07-15,stage4_cn SD 2017–19
S59,ZJ 浙发改价格〔2020〕364号 (eff. 2021-01-01) + 377号 (catalogue abolition 2021-10) + NDRC summary,1,fzggw.zj.gov.cn art_1229123366_2370711; bjx 1118439 (annex images); ndrc.gov.cn t20201228_1260545,2026-07-15,stage4_cn ZJ 2021
S60,HN chain: 湘价电〔2011〕187号; 湘发改价商〔2015〕263号 (sealed PDF); 〔2016〕1号 (NDRC); 478号; 704号; 〔2017〕711号 + annex image; 654号-era republications,1,hunan.gov.cn gazette; yyx.gov.cn PDF; ndrc.gov.cn; fgw.hunan.gov.cn; rednet image,2026-07-15,stage4_cn HN 2012–2021 rebuild + Q34 correction
S61,SC chain: 发改价格〔2011〕2623号 附件6-1; 川发改价格〔2015〕228号; 〔2016〕129/272号; 〔2017〕379号; 2018-05 table; 〔2019〕257号; 〔2020〕629号 (scan PDF),1,nea.gov.cn; chinaenergyportal.org; shoudian.bjx.com.cn 610414/743702/838664/898716/984007; jingyan.gov.cn PDF,2026-07-15,stage4_cn SC 2012–2020
S62,IM (蒙西) chain: 内发改价字〔2015〕431号; 1299号; 2016 notice; 〔2017〕954号 + annex image; 〔2018〕950号 + table; 〔2019〕465号; 〔2020〕1290号,1,fgw.xlgl.gov.cn (4 docs); bjx 821314/845065/929194/1126322; cspplaza,2026-07-15,stage4_cn IM 2015–19 + 2020 correction
S63,GD chain: 发改价格〔2011〕2618号 + 价目表 xls (增城区); 粤发改价格〔2015〕179号 + zip; 〔2016〕372号 + zip; 〔2017〕498号 (heyuan scan + NDRC + bjx images),1,zc.gov.cn xls; drc.gd.gov.cn ×3; heyuan.gov.cn PDF; ndrc.gov.cn; shoudian.bjx.com.cn 838589,2026-07-15,stage4_cn GD 2012–2018 五市 到户
S64,"ONS Index of Production time series (DIOP): K222, K22A, K22V, K232, K23D, K23H, K23I, K23J, K22Y (div 19), weights KM2P/KM2R/KM2S/KM33/KM36 — CVMSA annual, 2023=100",1,ons.gov.uk/economy/economicoutputandproductivity/output/timeseries/{cdid}/diop/data (JSON API),2026-07-16,stage5 UK indices
S65,"Eurostat sts_inpr_a (annual production index), DE: C, C17, C20, C23, C231, C2351, C24, C241, C244; I21, NSA+CA",1,ec.europa.eu/eurostat/api/dissemination/statistics/1.0/data/sts_inpr_a,2026-07-16,stage5 DE indices
S66,"Destatis GENESIS 42153-0001 (Produktionsindex, monthly, WERTORG) + WZ08V1 value list — Energieintensive Industriezweige = WZ08-B-10 (WZ 17,19,20,23,24)",1,genesis.destatis.de/genesis/api/rest/tables/42153-0001/data; …/variables/WZ08V1/values,2026-07-16,stage5 DE EI aggregate (annual mean estimated=Y)
S67,"NBS December industrial releases 2011–2025 (规模以上工业增加值增长… / 工业生产运行情况), table 规模以上工业生产主要数据 — 15 documents, URLs in staging file",1,stats.gov.cn/sj/zxfb/ (per-year URLs in stage5_output_staging.md),2026-07-16,stage5 CN sector VA growth 2011-2025; 2025 product output first-release
S68,NBS 国民经济和社会发展统计公报 2010–2025 (16 communiqués) — sector growth x-check (zero discrepancies) + product output first-release,1,stats.gov.cn/sj/tjgb/ + /sj/zxfb/ (per-year URLs in staging),2026-07-16,stage5 CN x-check + 有色金属 2011-13 + tonnage first-release
S69,"中国统计年鉴 2011–2025 editions, table 工业产品产量 (13-12/14-22) — revised product output series incl. census revisions",1,"stats.gov.cn/sj/ndsj/ — per-cell locators (edition/table/row/column URLs), first-release panel and revision reconciliation banked in stage5_cn_locator_annex.md (2026-07-19; closes Q81). JPG tables read visually, machine-parsed where XLS/HTM exists; adjacent-edition overlap validated.",2026-07-16; re-verified 2026-07-19,stage5 CN tonnages 2010-2024 (revised)
S70,NDRC 造纸行业运行简要情况 2021 & 2022 (source-attributed 国家统计局),1,ndrc.gov.cn/fgsj/tjsj/cyfz/zzyfz/ (2 docs),2026-07-16,stage5 CN paper VA growth 2021/2022 (only official cells)
S71,"中商产业研究院 askci database — CN paper VA growth 2018-2025 — TIER 3: locator only, NOT entered in workbook, NOT charted (Q37)",3,s.askci.com/data/economy/00017/1/,2026-07-16,Q37 locator only
S72,"worldsteel: Steel Statistical Yearbook 2020 (T1, kt); World Steel in Figures 2022/2024/2025 (Mt); Jan-2026 press release (2025 + DE restatement 37.3)",2,"worldsteel.org (5 docs, URLs in staging)",2026-07-16,stage5 crude steel UK/DE 2010-2025
S73,USGS Minerals Yearbook: Cement 2014/2019/2023 (T22 world production); Aluminum 2014/2018/2022 (T13),1,"usgs.gov / d9-wret.s3 assets (6 docs, URLs in staging)",2026-07-16,stage5 cement 2010-13 (+x-check); aluminium x-check
S74,"BGS World Mineral Production volumes 2010-14, 2014-18, 2019-23, 2020-24: primary aluminium; finished cement",1,"nora.nerc.ac.uk (4 PDFs, URLs in staging)",2026-07-16,stage5 aluminium UK/DE 2010-24; cement UK/DE 2014-24
S75,VDZ Zementindustrie im Überblick 2023/2024 (Zementproduktion 2018-22); MPA news release 2025 (UK 2024 = 7.3 Mt),2,vdz-online.de; mpa-cement.uk,2026-07-16,stage5 cement x-checks (BGS=VDZ 2018-22; MPA consistent)
S76,"FAOSTAT Forestry Production & Trade bulk CSV (Forestry_E_Europe.zip, file date 2025-04-01), item 1876 Paper and paperboard, element 5510",1,bulks-faostat.fao.org/production/Forestry_E_Europe.zip (REST API now auth-walled),2026-07-16,stage5 paper UK/DE 2010-2024 (UK all flag E; DE 2016-22 flag E)
S77,"VDP/DIE PAPIERINDUSTRIE: PAPIER 2025 Leistungsbericht (Zahlenreihen p.45, N16A p.33); PR 03.03.2026 (2025 = 18.7 Mt prov.)",2,papierindustrie.de (2 docs),2026-07-16,stage5 DE paper x-check (matches FAO exc. 2010 26kt diff) + 2025 provisional
S78,BV Glas Jahresbericht tables Produktion von Glas 2023/24 & 2024/25 — row Herstellung von Flachglas (cites Destatis),2,"bvglas.de (2 PDFs, URLs in staging)",2026-07-16,stage5 DE flat glass 2022-2025
S79,"Eurostat PRODCOM DS-059358 (DE+GB, codes 23111xxx, PRODQNT m²) + ONS ProdCom 2024 edition Table 5 — suppression documented",1,ec.europa.eu/eurostat/api/comext/…/DS-059358; ons.gov.uk ProdCom,2026-07-16,Q36 documentation (UK flat glass unpublishable); DE m² context
S80,"Electricity-intensity coefficients: IAI Primary Aluminium Smelting Energy Intensity (2024, World AC 13,990/DC 13,208); worldsteel Sustainability Indicators 2024 (route GJ/t 2023) + Energy fact sheet (electricity shares) + WSIF 2025 (route mix); IEA cement tracking page (~100 kWh/t, 2022); CEPI Key Statistics 2024 (0.88 GWh/kt p.30; components pp.15/29)",2 (IEA leg: 1),international-aluminium.org/statistics/primary-aluminium-smelting-energy-intensity/; worldsteel.org (3 docs); iea.org/energy-system/industry/cement; cepi.org Key Statistics 2024,2026-07-16,stage5 D37 composite coefficients (Q40 provenance notes)
S81,中国统计年鉴2008 tbl 13-2 按行业分规模以上工业企业主要指标(2007年) — 工业增加值 column (LAST official sector VA levels; internal x-check vs 13-1 passed); 中国统计年鉴2011 tbl 14-2 (2010年) — 主营业务收入 column,1,stats.gov.cn/sj/ndsj/2008/html/N1302C.HTM; /2011/html/N1402C.HTM,2026-07-16,stage5 D38 CN EI aggregate weights (+ Q41 absence verification across S67 releases)
S82,"DEHSt, Auktionierung von Emissionsberechtigungen in Deutschland: Jahresbericht 2024, Tabelle 2 p.7",1,dehst.de /versteigerung/2024/2024_Jahresbericht.pdf,2026-07-16,EUA auction VWA 2012-2024 (2018=14.90); carbon tab r5
S83,"ESMA, EU Carbon Markets Report 2026 (09.07.2026), Essential Statistics p.5",1,esma.europa.eu ESMA50-481369926-34622,2026-07-16,EUA 2025 annual avg EUR 74
S84,"UK ETS Authority, Report on the functioning of the UK carbon market: 2021-22 (pp.10,12), 2023 (T1 p.10), 2024 (T1 p.11); NAO UK ETS report 06/2025 p.4",1,gov.uk assets 64c251a8.../673b8ccf.../68ee0df1...; nao.org.uk,2026-07-16,UKA VWA computed from per-auction tables: 51.41/75.42/53.38/37.18 (2021-24); NAO corroborates ~GBP 37 (2024)
S85,ICAP ETS profiles (UK/EU/CN) + Allowance Price Explorer,2,icapcarbonaction.com,2026-07-16,"UKA 2025 avg GBP 47.36 (placeholder, Q42); secondary cross-checks"
S86,HoC Library briefing SN05927 (Carbon Price Floor) pp.9-11; Autumn Budget 2024 CPS announcement (Deloitte relay),1 (relay: 2),researchbriefings.files.parliament.uk SN05927,2026-07-16,CPS rates 4.94/9.55/18.08/18.00 frozen through 2026-27
S87,"BEIS, EII compensation for indirect costs of EU ETS and CPS — guidance, Dec 2019, sec.2.3 p.9; EU 2012 State-aid GL (2012/C 158/04) Annex IV",1,gov.uk assets 62a7074c...; eur-lex OJ C158/2012,2026-07-16,"UK MEF 0.58 (2013-2020) — ""United Kingdom 0,58"""
S88,"DBT/BEIS UK ETS+CPS compensation guidance, dated versions 2021-2026 (UKGWA/Wayback); BEIS EII schemes review response Apr 2022 pp.24-25",1,gov.uk guidance + webarchive.nationalarchives.gov.uk snapshots,2026-07-16,"UK MEF series 0.45/0.44/0.4344/0.42/0.44/0.45 (2021-2026); t-2 DUKES rule; DBT worked cross-check GBP 32.04/MWh (2026-27, real 2025)"
S89,"DEHSt, SPK-Bericht 2024 (fn.8-9, p.13); Commission Communication 2021/C 528/01 (Annex III factors)",1,dehst.de /spk/Auswertungsbericht_2024.pdf,2026-07-16,"DE MEF 0.72 (Mittelwesteuropa, 2021+), 0.76 (third period); aid intensity 0.75"
S90,SEEE year reviews (31.12.2024; 01.01.2026); MEE announcements/progress reports; IIGF via Sina (2021-22); CBNRI (2023),1 (avgs 2021-23: 2),overview.cneeex.com; mee.gov.cn,2026-07-16,CEA annual avgs 42.85/55.30/68.15/95.84 (computed)/62.36; context only (D40)
S91,"Zakeri, Staffell et al. 2023, Energy Reports 10:2778-2792, Table 2; INET WP207 p.2; UCL Green Power Pools WP4 p.12",2,discovery.ucl.ac.uk; ineteconomics.org; ucl.ac.uk,2026-07-16,"Price-setting shares: GB fossil 88 (2015) -> 97 pct (2021), gas 98 pct 2021, 84 pct 2019; DE 92 -> 72 pct"
S92,"NESO Clean Power 2030, Annex 1 p.36; DESNZ news 21.04.2026",1,neso.energy doc 346791; gov.uk news,2026-07-16,"GB: unabated gas set price 97 pct of time (2023); ~90 pct early 2020s, ~60 pct 2026"
S93,"Blume-Werry, Faber, Hirth, Huber, Everts 2021, Economics of Energy & Environmental Policy 10(1), Fig.3",2,neon.energy PDF,2026-07-16,"DE 2020 price-setting hours: gas 2,536 / lignite 1,509 / hard coal 1,213 (59.9 pct fossil)"
S94,"UBA Climate Change 23/2024, Tab.4 p.20; NESO Carbon Intensity Forecast Methodology Table 1",1,umweltbundesamt.de; carbon-intensity methodology (GitHub-hosted official doc),2026-07-16,Intensities: DE gas 0.392 / hard coal 0.860 / lignite 1.120; GB CCGT 0.394 tCO2/MWh
S95,"ADB 2024 (Ewing), PRC ETS background paper pp.13-14; IEA-Tsinghua 2021 (China ETS & power decarbonisation); Pizer & Zhang 2018 (Duke WP 18-01)",2,adb.org; iea.org; nicholasinstitute.duke.edu,2026-07-16,CN carbon pass-through prevented/muted (basis of D40 CN=0)
S96,"netztransparenz.de, EEG-Finanzierungsbedarf 2023/2024/2025/2026 publications (2026 PDF: 14,566,680,395.35 EUR); Bundestag Drs. 20/14522 (hib); BMF 30. Subventionsbericht; BMWE Haushalt 2026",1,netztransparenz.de; bundestag.de; bundesfinanzministerium.de,2026-07-16,EEG taxpayer transfers: 2023 = 0; 2024 = 18.489bn; 2025 ~16.5bn; 2026 budget 16.2bn EUR (T3/HATCH iii rows)
S97,"netztransparenz.de, Datenbasis zum Aufschlag fuer besondere Netznutzung 2026 (24.10.2025)",1,netztransparenz.de staticfiles,2026-07-16,"Levy base 440,703,363,472 kWh (A-prime 250.3 TWh) — Q44 denominator"
S98,"NDRC reply to NPC suggestions 3785/4366 (26.07.2018); Zhongguo Nengyuan Bao 01.06.2020 (State Grid chairmen: >CNY 270bn 2019; -7.6 fen removal counterfactual); Nengyuan Yanjiu Julebu 2018 (~CNY 207bn, 2016)",1-adj / 2,zfxxgk.ndrc.gov.cn id=15560; paper.people.com.cn; energytrend.cn,2026-07-16,CN cross-subsidy scale (T3 note; never added to stack)
S99,"Ofgem, GB electricity prices for EIIs (07/2021); Guo & Newbery 2023 (Energy Journal 44(1)); Guo & Castagneto Gissey (EPRG WP1937); Hintermann 2016",1 / 2,ofgem.gov.uk; repository.cam.ac.uk; jbs.cam.ac.uk,2026-07-16,Carbon-cost cross-checks: CPS ~GBP 10-11/MWh; GB EUA pass-through 75-100 pct; DE 84-104 pct
S100,EU ETS State-aid guidelines 2020/C 317/04 para 28(a) (Amax formula); JRC/DG COMP case SA.100559,1,eur-lex.europa.eu 52020XC0925(01),2026-07-16,Compensation formula structure (context for D40)
S107,"NESO, Five-Year View of TNUoS Tariffs 2026/27-2030/31, v3.0 (18.09.2025), Tables 14-15 pp.31-32",1,neso.energy/document/367801/download,2026-07-16,"T-D4/HV4 residual paths (DD basis, nominal); residual revenue 7.52->11.76bn; basis stmt p. (RIIO-ET3 draft determinations 01.07.2025)"
S108,"NESO, Initial Forecast of TNUoS Tariffs 2027/28 (11.05.2026) + forecast timetable letter (29.01/30.04.2026)",1,neso.energy/document/380281 + /376486,2026-07-16,"27/28 T-D4 25,716.52 / HV4 654.73 on 26/27-Final basis; next FYV moves to Sep-2026"
S109,"Ofgem, RIIO-3 Final Determinations - Electricity Transmission (04.12.2025) + press release",1,ofgem.gov.uk /sites/default/files/2025-12/RIIO-3-Final-Determinations-ET.pdf,2026-07-16,"Baseline totex GBP 10.7bn (submitted 15.8bn), para 2.8; PR: GBP 28bn cross-sector"
S110,"BNetzA, AgNes Orientierungspunkte Industrienetzentgelte (22.04.2026, GBK-25-01-1#3)",1,bundesnetzagentur.de .../Orientierungspunkte_Industr_NetzE.pdf,2026-07-16,"Successor Sondernetzentgelt: discounts of similar heights (atypical <=80%, Bandlast <=90%); dynamic component fruehestens 2029, eher 2030 (extensions 2033-35); EII decision fruehestens 2031; new cascading relieves HoeS Bandlast users 20-80% on general charges"
S111,"BDEW/Consentec, Prognose und Analyse der Netzentgeltentwicklung Strom (06.12.2024)",2 (association-commissioned),bdew.de/media/documents/Studie_Prognose_und_Analyse_der_Netzentgeltentwicklung_Strom.pdf,2026-07-16,"Real-2023 paths: HoeS +10% to 2030, -10..-15% by 2045; HS/MS +30%; NS ~x2; 19.2-Umlage 0.4->0.8 ct/kWh; HoeS costs x1.5 to 2045; basis Szenariorahmen B"
S112,"UeNB, NEP Strom 2037/2045 Version 2025, 1. Entwurf (Dec 2025), Vorwort",1 (draft),netzentwicklungsplan.de/.../NEP_2037_2045_V2025_1_Entwurf_0.pdf,2026-07-16,Investment path A to 2045 ~EUR 360bn
S113,"NDRC 发改价格〔2026〕1077号 (08.07.2026, eff. 01.08.2026) + annex 1 (parsed); 〔2025〕1490号 办法 (21.11.2025)",1,ndrc.gov.cn /xxgk/zcfb/tz/202607/t20260710_1406431.html + P020260710613207914509.pdf,2026-07-16,"P4 T&D: 220kV volumetric down (JS 0.0518), demand flat (41.6); new 220kV single-part band; per-province line-loss rates (JS 2.83%); equity return re-anchored 10Y CGB +4pp"
S114,JS 代理购电 notices (S106) + 发改价格〔2023〕1501号 + 〔2026〕114号 + 〔2025〕136号 + 鲁/粤 mechanism auctions,1,ndrc.gov.cn; gov.cn; nyj.shandong.gov.cn,2026-07-16,系统运行费 drivers: coal capacity recovery >=50% from 2026; capacity pricing extended to gas/PSH/storage; 136号 auctions (SD wind 0.319/PV 0.225); JS mechanism line 0.0118->0.0186
S115,"NEA annual consumption releases 2010-2025; CEC 供需报告 (01/2025, 02/2026); NEA peak-load release 10.07.2026; 国网能源院 (03/2026); grid-investment: NEA/CEC/yicai",1 (SGERI/yicai relay: 2),nea.gov.cn; cpnn.com.cn; yicai.com,2026-07-16,"全社会用电量 series (2025: 103,682亿kWh +5.0%); peaks 2024 14.5 / 2025 15.08 / 2026YTD 15.18亿kW; CEC 2026 10.9-11万亿; SGERI 2030 13.5 / 2035 16.7万亿; SGCC 十五五 4tn"
S116,"DESNZ DUKES 5.1.2 (electricity supplied) + 5.10.A (simultaneous maximum load), July 2025 edition",1,assets.publishing.service.gov.uk DUKES_5.1.2.xlsx / DUKES_5.10.xlsx,2026-07-16,UK supplied 361.7 (2010) -> 270.9 TWh (2024); GB peak 59.1 -> 46.0 GW
S117,"SMARD (BNetzA) Netzlast series 410, quarterhour, own annual sum and max","1 (own aggregation, estimated=Y)",smard.de/app/chart_data/410/DE/,2026-07-16,"DE energy 502->466 TWh, peak 78.1->76.0 GW (2015-2025); 2024 peak cross-checks MB (75.8)"
S118,"NSTA UK Oil & Gas Reserves & Resources reports (end-2016..end-2024), central 1P; App.D metric",1,nsta.gov.uk,2026-07-18,8.1A reserves (2010-14 not published)
S119,OEUK Business Outlook 2025 (p.9); NSTA Projections of UK O&G Production & Expenditure Mar-2018/2019,1,oeuk.org.uk; nsta.gov.uk,2026-07-18,8.1A E&P capex (real-price; 2024 nominal ~£6bn; series otherwise GAP)
S120,"HM Treasury GDP deflators at market prices, June 2026 (L8GG, FY, 2025-26=100)",1,gov.uk/government/statistics/gdp-deflators-at-market-prices-and-money-gdp,2026-07-18,real-2025-GBP deflation (calendar/FY mismatch flagged)
S121,OGA Analysis of UKCS Operating Costs 2016; NSTA UKCS Operating Costs 2018; NSTA Benchmarking Dashboards 2022-24,1,nsta.gov.uk,2026-07-18,8.1B mixed £/boe unit opex (2019-21 GAP)
S122,"Rystad via OGJ 08.01.2020 (UK opex >$30/bbl 2014 -> $16/bbl 2019); EIA Today-in-Energy (US $32/boe 2019, $28.06/boe Q1-22); BEIS/Rystad Fossil Fuel Supply Curves 2019/2023","2 (Rystad relay) / 1 (EIA, BEIS)",ogj.com; eia.gov; gov.uk,2026-07-18,8.1B oil-relevant opex anchors; global production-weighted oil USD/bbl = GAP
S123,"S&P Global Upstream Operating Costs Index (UOCI), 2000=100",2,spglobal.com (levels via OGJ/IHS releases),2026-07-18,8.1B index to evolve oil opex anchors (sparse; 2014 peak level undisclosed)
S124,"DUKES 2025 — T4.1.1 (methane GWh), T1.1 (energy balance ktoe), T1.1.1.B (primary energy mtoe)",1,gov.uk/government/statistics/digest-of-uk-energy-statistics-dukes-2025,2026-07-18,8.1C gas & primary-energy coverage
S125,Energy Institute Statistical Review of World Energy 2025 (Rystad data) — gas production & inter-regional trade (bcm),1,energyinst.org,2026-07-18,8.1C UKCS gas vs world traded gas (2010-13 GAP)
S126,OECD/NEA (with IEA) Projected Costs of Generating Electricity 2020 — T3.13a/T3.4a (2018 USD),1,oecd-nea.org,2026-07-18,8.2A harmonised nuclear LCOE 3/7/10% (no UK/DE/Hungary/Czechia nuclear cells)
S127,Georgia Power Vogtle one-pager 2023-07; GPB/MEAG 2022-05 (whole-project $30.3bn->$34bn+; MEAG 22.7% $7.8bn; GP 45.7% $10.2bn),1,georgiapower.com; gpb.org,2026-07-18,8.2B Vogtle scopes (annual gen GAP; O&M GAP; LCOE = indicative proxy)
S128,"Cour des comptes 2025 ""La filiere EPR"" (14.01.2025) p.27-35",1,ccomptes.fr (via web.archive.org),2026-07-18,8.2B Flamanville cost requirement 176 EUR2023/MWh @7%/85%; total 23.7 Md EUR2023
S129,IAEA PRIS Reactor Details,1,pris.iaea.org,2026-07-18,8.2D construction durations
S130,BEIS Electricity Generation Costs 2016 (T6 p.28); DESNZ EGC 2023/2025 (nuclear confidential — not published),1,gov.uk,2026-07-18,"8.2C UK FOAK £95 / NOAK £78 (2014 prices, 8.9% hurdle)"
S131,DIW Berlin Weekly Report 30/2019 (hypothetical reactor 4000-9000 EUR/kW overnight; WACC 4-10%),2,diw.de,2026-07-18,8.2C German theoretical new-build; no EUR/MWh (midpoint calculated)
S132,"EDF Hinkley Point C Update 2024-01-23 (£31-34bn, 2015 prices); WNA UK profile; Sizewell C FID 2025-07-22",1,edf.fr; world-nuclear.org; gov.uk,2026-07-18,8.2C HPC active (realised blank); UK/DE fleet status
S133,WNA/WNN reactor DB; IAEA PRIS; vendor releases (SMR),1/2,world-nuclear.org; world-nuclear-news.org,2026-07-18,8.2D SMR status (vendor targets separate from observed)
S134,"DESNZ UK Geothermal Review & Cost Estimations (Arup), 22.05.2025 (+ Annex B/C); DESNZ EGC 2025 geothermal-granite",1,gov.uk,2026-07-18,8.3 UK geothermal LCOH/LCOE; granite=partial EGS proxy; AGS excluded (BLANK)
S135,"Atkins Deep Geothermal Review Study for DECC, v5.0, 21.10.2013",1,gov.uk (archive),2026-07-18,"8.3 EGS 2013 (£218 central power, 22% discount; superseded)"
S136,Olver et al. (GEL) Stanford SGW 2025; Envirotec 02.03.2026; REA/Arup 2021,1/2,pangea.stanford.edu; envirotecmagazine.com,2026-07-18,8.3 United Downs 3 MWe live 2026-02-26 (~£30m; audited LCOE GAP)
S137,"DESNZ CfD Allocation Round 5 admin strike prices & results, Sept 2023",1,gov.uk,2026-07-18,8.3 geothermal strike £119/MWh (2012 prices); 12 MW contracted
S138,"IEA The Future of Geothermal Energy, Dec 2024",1,iea.org,2026-07-18,8.3 next-gen GLOBAL learning scenario (FOAK >$230; 2035 low ~$50) — NOT UK
S139,Beckers et al. Eavor-Loop 2.0 (Stanford SGW 2022); Quaise press release 2025-07,2,pangea.stanford.edu; quaise.energy,2026-07-18,8.3 AGS vendor target (<$70 conditional); superhot GAP
S140,"Carbon Trust & Imperial College, Analysis of electricity system flexibility for GB, Nov 2016 (for BEIS/NIC/Ofgem)",1,gov.uk,2026-07-18,8.4 £17-40bn cumulative to 2050 (net); £1.4-2.4bn/yr 2030 (net)
S141,"National Infrastructure Commission, Smart Power, Mar 2016",1,gov.uk,2026-07-18,8.4 £2.9-8.1bn/yr 2030 (gross); £30bn avoidable distribution reinforcement to 2030
S142,BEIS/Ofgem Smart Systems & Flexibility Plan 2021 (App.I); DESNZ/Ofgem/NESO Clean Flexibility Roadmap 2025/2026,1,gov.uk,2026-07-18,8.4 £6-10bn/yr 2050 (net); £30-70bn cumulative; CP2030 51-66 GW flex
S143,NESO Balancing Costs: Annual Report & Future Projections 2024; 2025 Annual Balancing Costs Report,1,neso.energy,2026-07-18,8.4 balancing £2.7bn (24/25); constraint £1.7bn; ~£8bn 2030 proj; ~£4bn avoidable 2030
S144,"Energy Networks Association, GB Flexibility Figures 2024 (26.06/01.07.2025)",1,energynetworks.org,2026-07-18,8.4 DNO flex 9 GW contracted / >£300m billpayer saving 2024 -> ~£33/kW-yr derived
S145,"DUKES 2025 Chapter 5 (electricity; demand 319 TWh, industrial 82.2 TWh, winter peak 47.4 GW)",1,gov.uk,2026-07-18,8.4 demand base; GB peak (5.10.A) per Stage 7
S146,"DESNZ, BICS — govt response to eligibility & approach consultation",1,gov.uk/.../british-industrial-competitiveness-scheme...government-response.pdf,2026-07-18,"9B BICS scope RO/FiT/CM, eligibility, Exchequer funding"
S147,"gov.uk news, ""Government cuts electricity bill for 10,000 manufacturers""",1,gov.uk/government/news/government-cuts-electricity-bill-for-10000-manufacturers,2026-07-18,"9B BICS saving £35-40/MWh, ~10,000 firms, ~£600m/yr"
S148,"UK Parliament, Written Ministerial Statement HCWS200 (McDonald)",1,questions-statements.parliament.uk/written-statements/detail/2026-07-08/hcws200,2026-07-18,9B BICS timeline; applications 1 Oct-30 Nov 2026
S149,"gov.uk news, Supercharger — Network Charging Compensation 60%->90%",1,gov.uk/government/news/huge-boost-for-uk-industry...cuts-to-electricity-costs,2026-07-18,"9C Supercharger NCC 90% (Apr 2026), +£7-10/MWh, <=£420m/yr"
S150,"gov.uk news, ""Supercharger rolls out"" (EII levy exemptions)",1,gov.uk/government/news/huge-boost-for-uk-industry-as-government-supercharger-rolls-out,2026-07-18,9B Supercharger 100% RO/CfD/FiT/CM exemption (in force 2024)
S151,"DESNZ, EII certificate for exemption — guidance for applicants",1,gov.uk/.../energy-intensive-industries-certificate-for-exemption...pdf,2026-07-18,9B EII eligibility: elec>=20% GVA; NACE4 trade>=4% & elec>=7%
S152,"CMA Subsidy Advice Unit, referral of modified NCC scheme",1,gov.uk/cma-cases/referral-of-the-proposed-modified-network-charging-compensation-scheme,2026-07-18,9C NCC subsidy-control cleared (report 19 Dec 2025)
S153,"DESNZ, Review of Electricity Market Arrangements — Summer Update 2025",1,gov.uk/.../review-of-electricity-market-arrangements-rema-summer-update-2025,2026-07-18,9A zonal rejected; national marginal pricing retained
S154,"DESNZ, Contracts for Difference AR7 reforms — consultation",1,gov.uk/.../cfd-allocation-round-7-reforms-consultation.pdf,2026-07-18,9A CfD reform (bid pre-consent; term >15yr consult)
S155,"DESNZ, Capacity Market — government response (maintain security of supply)",1,gov.uk/.../capacity-market-consultation-government-response.pdf,2026-07-18,9A CM reform; ~35 GW unabated gas retained
S156,"DESNZ, Corporate Power Purchase Agreements — call for evidence",1,gov.uk/government/calls-for-evidence/corporate-power-purchase-agreements,2026-07-18,9A private-wire/CPPA (call for evidence closed Mar 2026)
S157,"DESNZ, Clean Power 2030 Action Plan",1,gov.uk/government/publications/clean-power-2030-action-plan,2026-07-18,9A clean-power build-out framing
S158,"UK ETS Authority, UK ETS carbon price for civil penalties 2026",1,gov.uk/government/publications/determinations-of-the-uk-ets-carbon-price,2026-07-18,9E UKA 2026 official £49.41/tCO2e
S159,"gov.uk, UK ETS & CPS — compensation for indirect costs (guidance)",1,gov.uk/.../compensation-for-the-indirect-costs-of-the-uk-ets-and-the-cps-mechanism,2026-07-18,9E EII indirect-cost compensation; CPS £18; ref £53.19 (26/27)
S160,"gov.uk, UK Emissions Trading Scheme — policy overview",1,gov.uk/government/publications/uk-emissions-trading-scheme-uk-ets-policy-overview,2026-07-18,9E cap declining; free-allocation phase-out for CBAM sectors
S161,"UK Parliament, Written Ministerial Statement HCWS1519 (Tomlinson)",1,questions-statements.parliament.uk/written-statements/detail/2026-04-16/hcws1519,2026-07-18,9E Carbon Price Support abolished from April 2028
S162,"gov.uk, UK Carbon Border Adjustment Mechanism — policy summary + response",1,gov.uk/government/publications/carbon-border-adjustment-mechanism-cbam-policy-summary,2026-07-18,"9E UK CBAM Jan 2027; 5 sectors (Al, cement, fertiliser, H2, steel)"
S163,"gov.uk news, ""Decisive action to break influence of gas on electricity prices""",1,gov.uk/government/news/decisive-action-to-break-influence-of-gas-on-electricity-prices,2026-07-18,9A Wholesale CfDs (alloc 2027); EGL 45%->55% (1 Jul 2026)
S164,"HM Treasury, Autumn Budget 2025 (household RO to Exchequer)",1,gov.uk (Autumn Budget 2025 red book; Carbon Brief x-check Tier2),2026-07-18,9B 75% household RO to general taxation from Apr 2026 (domestic only)
S165,"Energy UK, Reducing non-domestic electricity policy costs",2,energy-uk.org.uk/publications/reducing-non-domestic-electricity-policy-costs,2026-07-18,9B elec:gas ratio ~4-5:1 (5-8x large users); rebalancing advocacy
S166,"EU Council, greenlight to negotiate UK-EU ETS linkage",1,consilium.europa.eu/en/press/press-releases/2025/11/13/eu-uk-relations-council,2026-07-18,9E ETS-linkage negotiating mandate (13 Nov 2025)
S167,"UK Commons Library, UK-EU reset / 2026 TCA review (CBP-10390)",1,commonslibrary.parliament.uk/research-briefings/cbp-10390,2026-07-18,"9E ETS linkage in negotiation, not concluded (12 Jun 2026)"
S168,"European Commission (DG TAXUD), CBAM — start of definitive period",1,taxation-customs.ec.europa.eu/carbon-border-adjustment-mechanism_en,2026-07-18,9E EU CBAM definitive regime from 1 Jan 2026 (6 sectors)
S169,"Bundestag / BMF, Stromsteuer reduction to EU minimum",1,bundestag.de/.../kw41-de-energiesteuergesetz; bundesfinanzministerium.de,2026-07-18,9D DE electricity tax 2.05->0.05 ct/kWh permanent (manufacturing) 2026
S170,"BMWE, Industriestrompreis — EU Commission approval",1,bundeswirtschaftsministerium.de/.../20260416-industriestrompreis-wird-eingefuehrt,2026-07-18,9D DE Industriestrompreis <=5 ct/kWh on 50% load; ~€3.8bn KTF
S171,"Bundesregierung, subsidy to transmission network charges 2026",1,bundesregierung.de/breg-de/aktuelles/niedrigere-netzentgelte-2382396,2026-07-18,9C DE €6.5bn network subsidy (KTF) halves HöS charge (in force 2026)
S172,"ZfK, ""KTF 2027: weniger Netzzuschuss, mehr Strompreis-Hilfe""",2,zfk.de/politik/deutschland/ktf-2027-energieentlastung-netzzuschuss,2026-07-18,9C/9D DE 2027 draft: network €5.53bn; Industriestrompreis ~€2.5bn
S173,"Bundesnetzagentur, §19 StromNEV discounts + AgNes reform",1,bundesnetzagentur.de/.../Agnes/start.html,2026-07-18,9C DE individual industrial network charges; AgNes framework 2029
S174,"BMWE / Bundestag, abolition of EEG-Umlage from bills (1 Jul 2022)",1,bundeswirtschaftsministerium.de/.../20220428-bundestag-beschliesst-abschaffung-der-eeg-umlage,2026-07-18,9D DE archetype: renewable levy moved off bills to KTF
S175,"European Commission, Clean Industrial Deal State Aid Framework (CISAF)",1,competition-policy.ec.europa.eu/.../clean-industrial-deal-state-aid-framework-cisaf_en,2026-07-18,9D EU state-aid frame (to 2030) for energy-intensive electricity relief
S101,"Germany §24c EnWG network-cost subsidy: BGBl. 2025 I Nr. 317 + joint ÜNB (50Hertz/Amprion/TenneT/TransnetBW) 2026 transmission-tariff announcement 01.10.2025 (ÜNE 6.65→2.86 ct/kWh, −3.79, via €6.5bn federal Bundeszuschuss)","1 (definition reconstructed 2026-07-18, Stage-10 QC, from citing context stage7_network!T9)",BGBl. 2025 I Nr. 317; netztransparenz.de/ÜNB PR 01.10.2025,2026-07-16 (Stage 7); backfilled 2026-07-18,7 DE 2026 transmission network charge & €6.5bn subsidy (stage7_network!T9)
S102,VOID — unused source ID (no citation anywhere in workbook; documented Stage-10 QC),—,—,2026-07-18,"(numbering gap, intentionally void)"
S103,VOID — unused source ID (no citation anywhere in workbook; documented Stage-10 QC),—,—,2026-07-18,"(numbering gap, intentionally void)"
S104,VOID — unused source ID (no citation anywhere in workbook; documented Stage-10 QC),—,—,2026-07-18,"(numbering gap, intentionally void)"
S105,VOID — unused source ID (no citation anywhere in workbook; documented Stage-10 QC),—,—,2026-07-18,"(numbering gap, intentionally void)"
S106,SGCC Jiangsu 代理购电 (agency-purchase electricity) monthly price notices (国网江苏 代理购电公告) — JS market price & 系统运行费 components (cited within source S114),"1 (definition reconstructed 2026-07-18, Stage-10 QC, from citing context sources!B114)",95598.js.sgcc.com.cn — 代理购电公告 (monthly),2026-07-16 (Stage 7); backfilled 2026-07-18,7 CN Jiangsu agency-purchase price & 系统运行费 build (cited in S114)
S176,"worldsteel, Energy use in the steel industry (web page, updated May 2026)",1,https://worldsteel.org/about-steel/energy-use-in-the-steel-industry/,2026-07-19,5 Steel electricity-share ranges (BF-BOF 10–15%; scrap-EAF 50–70%; DRI-EAF 25–40%); 2024 avg intensity 20.95 GJ/t (D62 coefficient re-derivation)
S177,"IEA, Cement (tracking page, current edition) — negative check",1 (absence check),https://www.iea.org/reports/cement-3,2026-07-19,5 kWh/t electricity intensity NOT on current page → C132 pinned to 2022 edition (D62)
S178,"NESO, Future Energy Scenarios 2025 — Data Workbook (sheet ED1)",1,https://www.neso.energy/document/364551/download,2026-07-19,7 UK forward utilisation: HT system demand + ACS peak 2023–2035 (stage7 §G; Q51 UK leg; D63)
S179,"VEA, EnFG Besondere Ausgleichsregelung explainer — KWKG/Offshore-Umlage caps (15% list-1 / 25% list-2, beyond first GWh)",2,https://www.vea.de/newsroom/aktuelles/thema/so-erhalten-sie-grosse-teile-der-kwk-umlage-und-der-offshore-netzumlage-zurueck,2026-07-19,"6 DE E2 EnFG 15%-cap memo (stage6 r192–193, Q85). Verify against EnFG §§28–31 statute text at publication (gesetze-im-internet robots-blocked 2026-07-19)."
S180,"Ofgem, Energy companies' Consolidated Segmental Statements (CSS) — transparency/index page + OFG1163 guidance (regime expanded to non-legacy suppliers from 29.03.2024)",1,https://www.ofgem.gov.uk/transparency-document/energy-companies-consolidated-segmental-statements-css,2026-07-24,4/6 CSS margin overlay (stage4_uk r55–59; stage6 §R wedge note; Q88)
S181,"Supplier CSS filings, non-domestic electricity supply segments 2012–2024: EDF 2012–24; Centrica/BGT 2012–23; SSE FY12/13–23/24; E.ON 2012–20+2023–24; npower/RWE 2012–19; Scottish Power 2012–24; TotalEnergies 2023–24; Drax/Opus 2023–24 (audited-basis disclosures; image-table years transcribed, additivity-checked)",1,"per-filing URLs in css_nondom_margin_panel.csv (project folder, 73 rows, one URL per filing)",2026-07-24,4/6 CSS panel EBIT/opex series + bracket test (css_margin_bracket_staging.md; Q88)
S182,"BNetzA/Bundeskartellamt, Monitoringbericht Energie 2025 (pub. 26.11.2025) — FIRST edition splitting ""Beschaffungskosten"" from ""Vertrieb und Marge"" for non-household cases. Tab. 35 p.166 (Industriekunde 24 GWh/a); Tab. 37 (Gewerbekunde 50 MWh/a); Tab. 38 (household band DC); Tab. 40 p.173 (household by contract category)",1,https://data.bundesnetzagentur.de/Bundesnetzagentur/SharedDocs/Mediathek/Monitoringberichte/MonitoringberichtEnergie2025.pdf,2026-07-24,
S183,"BNetzA/Bundeskartellamt, Monitoringberichte Energie 2019–2024 — bundled industrial supply residual (""vom Lieferanten beeinflussbarer Preisbestandteil / Restbetrag"", 24 GWh/a): MB2023 Tab. 60 p.179; MB2024 Tab. 53. Used for the pre-2025 series only, flagged NOT usable as margin",1,https://data.bundesnetzagentur.de/Bundesnetzagentur/SharedDocs/Mediathek/Monitoringberichte/MonitoringberichtEnergie2024.pdf,2026-07-24,
S184,"E.ON SE, Geschäftsbericht 2025 and 2024 — Energy Retail segment note (adj. EBITDA and D&A by country) and management-report sales-volume table (bn kWh by country, fuel and customer group). Note: eon.com and annualreport.eon.com return Cloudflare 403 to non-browser clients; retrieved via hauptversammlung.de mirror of the identical published documents",1,https://hauptversammlung.de/fileadmin/public/user_upload/EON_GB25.pdf,2026-07-24,
S185,"Fraunhofer ISI, Industriestrompreise — Abschlussbericht. German industrials 70–150 GWh/a, 2013: actual mean procurement 4.68 ct/kWh vs modelled wholesale proxy 4.69 ct/kWh (80% forward / 20% spot) → implied mark-up ≈ 0. Only published observation inside the XL archetype band",2,https://www.isi.fraunhofer.de/,2026-07-24,
S186,"Trianel GmbH, ""Analyse und Kalkulation von Risikoaufschlägen für den Strom- und Gasvertrieb"" (doc 03-2018/96). Risk Adder for real RLM industrial load clusters: 0.08–1.83 €/MWh, portfolio 0.67 €/MWh (structuring + balancing + forecast-error only; excludes Bindefrist, credit, losses, margin). Supports the low-end bracket",3,https://www.trianel.com/docs/webmagazin/vertrieb/vertrieb-risikoaufschlaege-kalkulieren-trianel.pdf,2026-07-24,
S187,"EnWG §6b — Rechnungslegung und Buchführung. Abs. 3 S. 1 lists SEVEN activities requiring separate accounts (Übertragung, Verteilung, Fernleitung, Gasverteilung, Gasspeicherung, LNG, Ladepunkte); Vertrieb is NOT among them, and S. 3 permits other electricity activities to be merged. Abs. 7 S. 6 requires non-listed activity accounts to be treated as trade secrets. Evidence for ""no German CSS equivalent exists""",1,https://www.gesetze-im-internet.de/enwg_2005/__6b.html,2026-07-24,
S188,"E.ON SE Annual Reports 2021, 2022 and 2023 — Customer Solutions segment note (adj. EBITDA/EBIT by country) and Power Sales / Gas Sales volume tables (bn kWh by country and customer group). Used to extend the Germany retail margin series back to FY2021. Restatement flags: FY21 Germany EBITDA 660 → 694 (AR2022); FY23 volumes restated in GB24 (use the Customer-groups subtotal, not Total)",1,https://www.annualreports.com/HostedData/AnnualReportArchive/e/OTC_ENAKF_2023.pdf,2026-07-24,
S189,"EEG 2009 (Stammfassung, Art. 1 G. v. 25.10.2008, BGBl. I S. 2074) §§40–44 as in force for benefit years 2010–2012 — UNAMENDED until the EEG 2012 changes took effect 01.01.2012; plus §6 Abs.1 Nr.1 AusglMechV (v. 17.07.2009, BGBl. I S. 2101) fixing the privileged rate at 0.05 ct/kWh, and §41(3) S.1 EEG 2009 establishing the 10% Selbstbehalt. Also EEG 2012 §41(3) tranche ladder and §66(13) timing rule",1,https://www.clearingstelle-eeg-kwkg.de/sites/default/files/EEG-110501r2-1.pdf,2026-07-24,
S190,"ÜNB EEG-Jahresabrechnung 2011 (testiert, Stand 20.07.2012), netztransparenz.de — non-privileged Letztverbrauch 377.087 TWh @ 3.530 ct/kWh and privileged 85.118 TWh @ 0.050 ct/kWh, reconciling to the published Soll-Einnahmen of €13,353,740,622.46 to the cent. Confirms both the 2011 headline Umlage and the 0.05 ct/kWh privileged rate as the rate ACTUALLY charged",1,https://www.netztransparenz.de/xspproxy/api/staticfiles/ntp-relaunch/dokumente/erneuerbare%20energien%20und%20umlagen/eeg-jahresabrechnungen/vorjahre/eeg-jahresabrechnung_2011.pdf,2026-07-24,
S191,"BAFA BesAR decision statistics (besar_2011.xls, Stand 21.11.2012: 603 Unternehmen, 818 Abnahmestellen, 75,974 GWh privilegierte Strommenge) and BMU Hintergrundpapier Besondere Ausgleichsregelung (30.03.2012) — including the statement that Schienenbahnen and ~80% of privileged manufacturing Abnahmestellen carried the 10% Selbstbehalt, covering about one third of privileged volume. Used to corroborate the regime and to date the EEG 2012 threshold change (privileged undertakings 734 in 2012 → 1,691 in 2013)",1,https://web.archive.org/web/20120522180414if_/http://www.erneuerbare-energien.de/files/pdfs/allgemein/application/pdf/eeg_hintergrundpapier_besar_bf.pdf,2026-07-24,
S192,"Eurostat structural business statistics — value added, EU27, NACE Rev.2 classes 24.10 / 24.42 / 23.51 / 17.12. Legacy sbs_na_ind_r2 (indic_sb=V12150, to 2020; geo=EU27_2007 is the ONLY vintage carrying 2010) and sbs_ovw_act (indic_sbs=AV_MEUR, 2021+). 2010 values EUR m: steel 22,109 / aluminium 7,268 / cement 6,543 / paper 14,128. CAUTION: cement and paper are confidentiality-suppressed at EU27 in most 2011-2017 years, and there is a definitional break at 2020/2021 (EU27 manufacturing total jumps +16%) — do not build a weight vector straddling it",1,https://ec.europa.eu/eurostat/api/dissemination/statistics/1.0/data/sbs_na_ind_r2?format=JSON&geo=EU27_2007&nace_r2=C2410&indic_sb=V12150,2026-07-24,
S193,"JRC136525 and European Aluminium — EU primary aluminium ~2.0 Mt against ~5.6 Mt of scrap consumed, establishing that NACE 24.42 value added spans far more than the primary metal the tonnage series measures. Basis for the scope-adjusted weight variant (f=0.35 of 24.42 value added attributed to primary; f is an inference, flagged as such, hence variant not headline). Also records that the 24.4 parent is WORSE not better — aluminium is only 44.5% of 24.4 value added in 2010",2,https://publications.jrc.ec.europa.eu/repository/,2026-07-24,
S194,"UK: The Electricity Supplier Obligations (Amendment and Excluded Electricity) Regulations 2015, SI 2015/721, SCHEDULE ""Specified activities"" (substituted in full by SI 2017/1051; 10.61 inserted by SI 2020/130) — the master list of EII-eligible sectors, 71 four-digit NACE Rev.2 classes across 18 divisions. SI 2024/409 reg 5 only CROSS-REFERS to this Schedule. Firm-level test at reg 8(1)(b)(i)/(2)(a): electricity cost impact >= 0.2 (20% of gross value added), over the three most recent business years (reg 9(2)(a))",1,https://www.legislation.gov.uk/uksi/2015/721/schedule,2026-07-24,
S195,"Germany: EnFG Anlage 2 (zu §31) ""Stromkosten- oder handelsintensive Branchen"" — Liste 1 (91 WZ2008 classes) and Liste 2 (25), together a character-for-character transposition of CEEAG (2022/C 80/01) Annex 1. §30 eligibility: >1 GWh at the Abnahmestelle + energy management system + an efficiency/decarbonisation condition. NO firm-level electricity-intensity threshold exists — the EEG BesAR 14%/20% tests were dropped in the move to CEEAG",1,https://www.gesetze-im-internet.de/enfg/anlage_2.html,2026-07-24,
S196,"Destatis, Produktionsindex für energieintensive Industriezweige — published monthly since reference month June 2022, back-calculated to 2005; WISTA 2/2023 (Vogel/Neumann/Linz) documents the construction. Contains exactly five WZ2008 divisions (17, 19, 20, 23, 24), selected on energy use per euro of gross value added at factor cost — 77% of industrial energy against ~17-21% of industrial GVA in 2021. Food (WZ 10) is DELIBERATELY EXCLUDED despite high absolute energy use. GENESIS table 42153-0001",1,https://www.destatis.de/DE/Methoden/WISTA-Wirtschaft-und-Statistik/2023/02/produktionsindex-energieintensive-industriezweige-022023.pdf?__blob=publicationFile,2026-07-24,
S197,"LINE LOSSES — four primary instruments, retrieved 2026-07-24 for Q92/D70. (1) GB Elexon Balancing and Settlement Code Section T (Settlement and Trading Charges), Transmission Loss Multiplier: TLM = 1 + TLF + TLMO-, with zonal Transmission Loss Factors from 1 April 2018 under BSC Modification P350; demand-side TLM used here 1.008. (2) Northern Powergrid (Yorkshire) Use of System Charging Statement, Annex 5 Line Loss Factors — HV (distribution-connected) LLF 1.024; CVA transmission-connected sites take no LLF (1.000) as they sit above the distribution network. (3) Germany, EnWG §22 (Beschaffung der Energie zur Deckung von Verlusten) — network operators procure loss energy themselves, in a market-based and transparent procedure. (4) Germany, StromNEV §10 (Kostenmäßige Behandlung von Verlustenergie) — the cost of that loss energy is recovered inside the network charge. Together (3)+(4) establish that the German published Netzentgelt ALREADY contains losses, so no customer-side gross-up applies and adding one would double-count. Used in: assumptions r78-80; timeseries r107-110; data_lineitems r1504-1567.",1,https://www.elexon.co.uk/the-bsc/bsc-section-t/ ; https://www.northernpowergrid.com/charging-statements ; https://www.gesetze-im-internet.de/enwg_2005/__22.html ; https://www.gesetze-im-internet.de/stromnev/__10.html,2026-07-24,
S198,"WHOLESALE GAS PRICES, calendar-year averages, retrieved 2026-07-25 for Q94. UK (p/therm): Ofgem 'Wholesale Energy Markets in 2016' para 2.12 (2014=50, 2015=42) and 'State of the Energy Market 2017' (2016=35, 2015=43; 42.5 entered for 2015); ONS/National Gas 'System Average Price (SAP) of gas' dataset (file systemaveragepriceofgasdataset230726.xlsx, tab '1.Daily SAP Gas', own daily means x29.3071) for 2018-2025 = 60.9/35.1/25.1/114.2/208.5/100.8/84.0/89.1; SAP is a within-day OCM price, tracks NBP DA within 1-2 p/th. 2010-13 & 2017: Energy Institute Statistical Review 2025 'Natural gas prices' NBP USD/mmbtu / ECB annual USD-GBP x10, estimated=Y. DE (EUR/MWh): BNetzA Monitoringbericht THE EGSI day-ahead (2022=124.98, 2024=34.64); EC Quarterly Report on European Gas Markets TTF day-ahead (2023=41, 2025=36); ACER CHEST item 1068 (2021=47.2); 2010-20 EI SR derived, estimated=Y. Conversion 1 therm = 29.3071 kWh verified. Full provenance incl. dead ends: gas_srmc_staging.md.",1,https://www.ons.gov.uk/economy/economicoutputandproductivity/output/datasets/systemaveragepricesapofgas ; https://www.ofgem.gov.uk/sites/default/files/docs/2016/08/wholesale_energy_markets_in_2016.pdf ; https://energy.ec.europa.eu/data-and-analysis/market-analysis_en ; https://aegis.acer.europa.eu/chest/dataitems/1068/view,2026-07-25,
S199,"CARBON PRICES & EMISSION FACTOR cross-checks, retrieved 2026-07-25 for Q94. ICAP Allowance Price Explorer open API (EU ETS systems 33/34, UK ETS 13; ICE front-Dec settle + auction clears): EUA annual means 2010-25 incl 2010=14.34, 2011=12.94 EUR/t (the workbook carbon!r5 auction-VWA series has no 2010-11); agrees with carbon!r5 within ~2 EUR/t 2012-25. Verified against EC COM(2025)735 (2024 EUA 64.74) and ESMA Carbon Markets 2026 (2025 EUA 74). UKA: ICAP 2021-25 = 54.57/79.18/55.83/39.02/49.55 GBP/t; gov.uk penalty determinations cross-check (NB those average the 12 months to 11 Nov, NOT the calendar year). CPS fiscal rates verified (Commons Library SN05927; Finance Act 2014 s98; HMRC CCL rates page): 13/14 4.94, 14/15 9.55, 15/16 18.08 (NOT 18.00), 18.00 from 16/17 through >=2027/28. Gas EF: DESNZ GHG conversion factors 2025 condensed set, Fuels sheet, natural gas kWh Gross CV = 0.18296 kgCO2e/kWh (CO2-only 0.18259). German gas plants pay EUA only (BEHG excludes ETS installations). ICAP licence: non-commercial with citation; do not republish the daily series.",1,https://icapcarbonaction.com/en/ets-prices ; https://www.gov.uk/government/publications/greenhouse-gas-reporting-conversion-factors-2025 ; https://researchbriefings.files.parliament.uk/documents/SN05927/SN05927.pdf,2026-07-25,
S200,"NUCLEAR PRICE ANCHORS retrieved 2026-07-25 (owner request: HPC-based UK figure + German restart). (1) NAO, Sizewell C, HC 33 Session 2026-27, 20.05.2026: para 2.19 HPC CfD = GBP 128.94/MWh in 2025 prices over 35 years; para 1.14 confirms the GBP 92.50 -> 89.50 (2012 prices) reduction TRIGGERED at the Sizewell C FID (22.07.2025). (2) LCCC CfD Strike Price Adjustment Guidance Feb 2026 v7: indexation = CPI D7BT, contractual base Oct-2011 CPI 94.5, annual reset 1 April on January CPI; 2026/27 season value 132.12 GBP/MWh. LCCC register entry NUC-HPC-198 is JS/bot-gated - not scraped. (3) Radiant Energy Group, Restarting Germany's Reactors: Viability and Outlook, Jun 2026: 14 reactors / 18.7 GW / ~147 TWh/yr restartable; capex EUR 1.0-4.8bn per unit (program 39.3bn); LCOE group means EUR 37-71/MWh across state-backed/private scenarios (Brokdorf 31-33 cheapest). Supersedes the Dec-2024 edition (9 reactors, ~EUR 20bn, EUR 22-30/MWh opex-only). Advocacy-adjacent, anonymous opex sourcing, not peer-reviewed - flagged wherever drawn. (4) IEA/NEA Projected Costs of Generating Electricity 2020, Table 8.1 p.149: LTO LCOE at 7%/85%CF = USD 31.2-41.1 (10-yr) / 28.6-34.7 (20-yr) per MWh for overnight USD 450-950/kWe - the independent benchmark bracketing the Radiant A/B numbers. Used in: lcoe r33-34, article fig8.",1,https://www.nao.org.uk/wp-content/uploads/2026/05/sizewell-c.pdf ; https://assets.www.lowcarboncontracts.uk/documents/CfD_SPA_Guidance_February_2026_v7.pdf ; https://www.radiantenergygroup.com/_files/ugd/ae75b7_bc5db590cf5a4ac6a4a0d6812a58ada6.pdf ; https://www.oecd-nea.org/upload/docs/application/pdf/2020-12/egc-2020_2020-12-09_18-26-46_781.pdf,2026-07-25,
S201,"UKCS COST SERIES retrieved 2026-07-25 (fills the disclosed-anchor gaps in north_sea_og r12/r16). (1) NSTA, Income from and expenditure on UK upstream oil and gas 1970-2024 (xlsx, sheet Annual for Web): capex incl E&A NOMINAL GBP bn 2010-24 = 7.40/10.70/13.30/16.00/16.20/12.64/8.92/6.24/5.55/6.22/4.04/3.76/4.61/5.05/6.05; total opex 7.17...7.78; GDP deflator column (2024=100) banked r41; 2009-14 built on OGUK Activity Survey per workbook notes. (2) NSTA Feb-2026 projections workbook: 2025e capex 5.11 (2025 prices), UOC 17.63/boe, FX table. (3) UOC: OGA/NSTA UOC reports + benchmarking dashboards 2015-24 (15.0/12.0/11.6/11.6/11.9/11.2/15.24/16.35/18.59/19.49; 2017 revised ~11.35-11.4); 2012-14 OGUK via BBC/OGJ coverage (13.5/17/18.5, secondary); 2011 OGUK $17/boe (EST GBP 10.6); 2010 COMPUTED 8.8 = opex/production (production back-derived from OGUK decline rates — EST). Caveat: dashboard UOC (survey gross opex) vs projections UOC (national accounts) differ <=0.1/boe 2022-24. Used in: north_sea_og r12/r16/r41/r42; article fig11. Reserve energy conversion used in fig10: 1 boe = 5.8 MMBtu = 1.6997 MWh (EI convention).",1,https://www.nstauthority.co.uk/media/zrppkyvk/ukcsincomeandexpenditureincludingannualestimatesto2024v2.xlsx ; https://www.nstauthority.co.uk/media/zo1nmwbo/nsta-medium-term-projections-february-2026.xlsx ; https://www.nstauthority.co.uk/media/4514/ukcs-operating-cost-analysis.pdf ; https://www.nstauthority.co.uk/news-publications/2024-benchmarking-dashboards-production-efficiency-and-unit-operating-cost/,2026-07-25,
S202,"GAS RENT LEDGER & DELIVERED-COST SOURCES retrieved 2026-07-25 (Q95). (1) HMRC, Statistics of government revenues from UK oil and gas production, Sept-2025 edition, Table 2 (ODS): net RFCT/SC/PRT/EPL by FY 1968-69..2024-25; FY2022-23 9,011m / 23-24 6,110 / 24-25 4,469 (banked north_sea_og r44). (2) HMT/HMRC policy paper Energy Profits Levy — reforms 2024: EPL 38% from 01.11.2024, end 31.03.2030 -> 78% marginal with RFCT 30 + SC 10; Autumn Budget 2025: OGPM successor (35% revenue charge above $90/bbl / 90p/therm, 2026-27 terms, via Deloitte TaxScape). (3) OBR EFO Nov-2025: oil&gas revenues 2.7bn 2025-26. (4) OIES NG-195 (Fulwood, Oct-2024) Fig 2/16 UK cost stack 2021 real-2022$: UK domestic, EU pipe, Qatar LNG <$5; Norway <$6; US LNG 9.87 (marginal supply); marginal-FIELD basis. (5) OIES Energy Comment (Fulwood, Jan-2025) p.7: US LNG build-up feedgas 115%xHH + liq 2.50-3.00 + shipping 1.50 + regas 0.45; Qatar delivered 5-6. (6) CSIS (Tsafos 2019): Cheniere liquefaction fees 2.25-3.50. (7) OIES NG-148 (2019): no separate UKCS gas-only cost data exists; SNS/Irish Sea opex ~$15/boe 2017. (8) Aker BP Q4-2024: NCS production cost USD 5.7/boe FY24; sodir.no Gassled tariff regs; norskpetroleum.no NCS opex NOK ~94bn 2025. (9) EIA Henry Hub annual: 2024 2.19 / 2025 3.52. (10) World Bank CMO: TTF 2024 10.96; IEA Gas Market Report Q1-2026: TTF 2025 ~11.9, HH 3.6. NBP-TTF proximity: approximation, no free official NBP annual series (flagged). Used in: north_sea_og r44-47, Q95, article fig12 + section 9-10 prose.",1,https://www.gov.uk/government/statistics/government-revenues-from-uk-oil-and-gas-production--2/government-revenues-from-oil-and-gas-production-september-2025 ; https://www.gov.uk/government/publications/energy-profits-levy-reforms-2024/energy-profits-levy-reforms-2024 ; https://www.oxfordenergy.org/wpcms/wp-content/uploads/2024/10/NG-195-What-Drives-International-Gas-Prices-in-Competitive-Markets.pdf ; https://www.eia.gov/dnav/ng/hist/rngwhhdA.htm,2026-07-25,
S203,"UKCS RESOURCE LADDER & EXPLORATION sources retrieved 2026-07-25 (Q96). (1) NSTA, UK Oil and Gas Reserves and Resources as at end 2024 (17.10.2025, 26pp): Table 2 p.11 reserves 1P 1.9/2P 2.9/3P 3.6; 2C 6.2 by maturity category; Tables 3-4 fluid split oil 4.3/gas 2.0; s4.4/Fig 11 p.14 marginal discoveries 3.4 bn boe (2.0 unlicensed, 42% gas); Tables 7-9 pp.15-18 mapped prospective P90 3.3/mean 4.6/P10 6.0 (15% CoS cut-off, drill-ready 0.3); Table 10 p.19 play-level 11.2; ss3.1-3.4 pp.5-7 2024 progression (401 mmboe produced, <50 sanctioned, -90 revisions, RRR -14%). Prior editions 2018-2023 for the discoveries series (exec summaries: 239/240/212/<50/100/<100/<100 mmboe). (2) OGA Wells Insight Report 2018 pp.14,17: ~50% success rate 2000-2017; finding cost GBP 2-4/boe (both chart-only). Wells Insights 2025 (28.10.2025, PowerBI-only; counts via Energy Voice): 2024 = 3 exploration + 3 appraisal, 10-yr low. (3) E&A wells series 2010-2024 = OWN TABULATION from NSTA Open Data 'UKCS offshore wellbores top holes (WGS84)' (WONS-derived), origin wells by spud year - est=Y, anchors reconcile. (4) NSTA 33rd round release 07.10.2022: discovery->first production ~5 yrs. (5) NSTA projections methodology Feb-2026: stylised central only, 9%/13% declines beyond yr-5; medium-term workbook 1.09 mmboe/d 2024 -> 0.65 2030. (6) Westwood/OEUK UKCS Outlook Jun-2025: low 2.57 / high 4.26 / unconstrained ~7.5 bn boe to 2050; NSTA recovery vintage slide 6.5->3.8. (7) OEUK Business Outlook 2025/26 releases: LNG reliance fans (full 2026 PDF checkout-gated - not registered, per research rule). Used in: north_sea_og r48-51, Q96, article fig13 + section 9 prose.",1,https://www.nstauthority.co.uk/media/hgnp1k2x/reserves-and-resources-report-2024.pdf ; https://www.nstauthority.co.uk/media/5107/oga_wells_insight_report_2018.pdf ; https://www.westwoodenergy.com/wp-content/uploads/2025/06/Westwood-OEUK-UKCS-Outlook-Summary-Report-June-2025.pdf ; https://open-data-ukcs-transition.hub.arcgis.com/datasets/UKCS-transition::ukcs-offshore-wellbores-top-holes-wgs84,2026-07-25,
S204,"QEP JUNE-2026 PRINT + METHODOLOGY retrieved 2026-07-26 (Q93 out-of-sample check; Q92 read). (1) DESNZ, Prices of fuels purchased by non-domestic consumers in the UK excl CCL (QEP 3.4.1), June-2026 edition (published 30.06.2026, table_341__2_.xlsx): Q1-2026 electricity p/kWh — Very Small 34.312 / Small 28.040 / Small-Medium 27.513 / Medium 24.458 / Large 23.366 / Very Large 21.457 / Extra Large 20.973 / Average 23.609; Q1-2026 provisional; file notes a Very Small revision from Q4-2024 onward (ongoing supplier data-quality engagement). 2025 quarterly XL 22.253/20.528/20.242/20.668 (annual mean 20.923 p/kWh = 209.23 GBP/MWh vs workbook r20 209.27 — within 0.05, June-2026 revisions; cross-check PASS). (2) BEIS/DESNZ, Industrial Price Statistics — data sources and methodologies (Sept-2017 edition, still current on gov.uk): QEP 3.4.1 from the Price Transparency survey — 6 electricity + 8 gas suppliers, ~60% of industrial electricity sales, 100% response; 'the average price for each size of consumer is obtained by dividing the total quantity of purchases into their total value' — i.e. AVERAGE UNIT REVENUE ACROSS ALL CONTRACTS IN FORCE, not new-contract prices; bands per EU Council Regulation 2016/1952; data provisional 3 months after quarter-end, finalised +3 months. No contract-vintage discussion in the note. Used in: Q93 update, Q92 status, procurement_vintage.html out-of-sample panel. Q1 implied-wholesale arithmetic uses each year's ANNUAL modelled components (timeseries r113/r14/r6/r22) against the quarterly QEP print — approximation flagged in the exhibit.",1,https://www.gov.uk/government/statistical-data-sets/gas-and-electricity-prices-in-the-non-domestic-sector ; https://assets.publishing.service.gov.uk/media/6a4247b8db380b085e94aaeb/table_341__2_.xlsx ; https://assets.publishing.service.gov.uk/media/5a81e2f9ed915d74e3400967/Industrial_price_methodology_-_updated_Sept_2017.pdf,2026-07-26,
S205,"EII EXEMPT-SHARE SOURCES retrieved 2026-07-26 (Q97). (1) Ofgem RO Annual Reports (GB): SY23 2024-25 (pub 27.03.2026) Figure 5.5 p.60 — EII supply 12,328,678 MWh / excluded 11,983,131 / GB supply incl EII 252,580,657 / 4.74%; 26 suppliers with EII customers; footnote 53 misprints 9.72 TWh (prior-year carryover) — figures VERIFIED against downloaded PDF. Prior editions: SY22 Fig 5.5-5.6 (11,787,859/9,721,225/251,040,593); SY21 Fig 5.4; SY20 Fig 5.5; 2020-21 Table 4.4; 2019-20 and 2018-19 Table 4.1 (GB supply derived obligated+excluded). Exemption 85% to 31.03.2024, 100% from 01.04.2024 (SI 2024/419; EM para 12.1: +0.2-0.3 GBP/MWh on non-eligible bills). (2) LCCC data portal, Actual Eligible Demand daily CSV (open, no login): columns Actual_Eligible_Demand_MWh / Actual_EII_Excluded_Electricity_MWh, re-aggregated Apr-Mar in-session (FY17 2.77 partial-start .. FY24 10.61 / FY25 12.46 TWh; FY26 partial 4.78% of eligible) — VERIFIED by own aggregation. (3) DUKES 5.1.2 (2025 edition, pub 31.07.2025): industrial consumption col — 2018 92.12 .. 2024 82.37 TWh — VERIFIED against downloaded xlsx. (4) Counts/costs: DBT Final IA UKIA 2024/64 (c.300 businesses, ~400m/yr, household 4-6/yr); DBT news 02.04.2024 (~370); DBT news 31.10.2025 (~500, NCC 60->90% Apr-2026, up to 420m/yr); Hansard 04.02.2026 draft EII Support Payments and Levy (Amendment) Regs (550 companies); Supercharger consultation Jul-2023 (>300); BEIS 2017 gov response (design est 9.9 of 11.7 TWh); BEIS 2018 exempted-electricity estimates (10.1->12.3 TWh forecast). (5) RO level calculation 2026-27 (Sep-2025): 11.9 TWh exempt forecast vs 263.4 TWh GB supply. NEGATIVE RESULT: no public DESNZ/DBT register of EII certificate holders exists (gov.uk content-API probes 404; search API surfaces guidance only). FiT levelisation NOT usable for EII share (bundles green-import exemption; 2021-22 notice: EII reported 12,584,271 MWh / claimed 10,340,665). Gated/dead ends: researchbriefings CBP-10932 Cloudflare; Lords Hansard 05.03.2024 403. Used in: timeseries r126-131, Q97, exempt_share.html.",1,https://www.ofgem.gov.uk/sites/default/files/2026-03/RO_24-25_SY23_Annual_Report-20260327121336.pdf ; https://dp.lowcarboncontracts.uk/dataset/actual-eligible-demand ; https://assets.publishing.service.gov.uk/media/688a29846478525675739056/DUKES_5.1.2.xlsx ; https://www.legislation.gov.uk/ukia/2024/64/pdfs/ukia_20240064_en.pdf ; https://hansard.parliament.uk/commons/2026-02-04/debates/cd4fcb2b-982e-4a88-a906-e77cd6bd1716/DraftEnergy-IntensiveIndustryElectricitySupportPaymentsAndLevy(Amendment)Regulations2026,2026-07-26,
S206,"NUCLEAR SCHEDULE BASELINES retrieved 2026-07-26 (article fig14; nuclear_global section D cols L-N). Original planned schedules AT/NEAREST CONSTRUCTION START vs IAEA PRIS actuals, all quotes fetched and verified by research agent; three load-bearing baselines RE-VERIFIED in-session (OL3 WNA Finland 'commercial operation expected in mid-2009' on the 12/2003 EUR3.2bn turnkey; Sanmen WNN 20.04.2009 'begin operation in August 2013'; HPC Construction Enquirer 22.02.2026 'Unit 1 is now scheduled to start up in 2030... GBP35bn in 2015 prices - equivalent to GBP48bn today', EDF annual results). Other baselines: Vogtle GA PSC certified CODs 2016-04/2017-04 (IEEFA Jan-2022 quoting cert order; WNN 18.03.2009); Flamanville EDF 12/2007 'in service... 2012' EUR3.3bn (WNN 04.12.2007; CdC via AFP: grid 12 yrs late, 20.4bn EUR2015); Taishan WNN 16.04.2010 start-up 2013; Fuqing-5 WNN 26.05.2016 completed 2019 (WEAK - construction-day link dead); Fangchenggang-3 WNN 13.09.2016 start-up 2019; Barakah ENEC 07/2012 operational 2017 + WNN: 2018-21 gap = operator training/FANR licensing NOT construction; Shin-Hanul-1 WNN 26.06.2013 completed Apr-2017 (NEI: COD originally Apr-2017); Leningrad-II-1 WNN 19.04.2010 commissioning Oct-2013; Belarusian-1 IAEA 06.11.2013 operation by 2018 (60-month contract; 2011 baseline 2016); Kakrapar-3 WNN 22.11.2010 start-up 2015 (WNA: 66 months to COD); K-2 WNA 72-month plan + WNN 16.04.2020 COD 2021 (weak dating). HPC FID baseline: gov.uk 29.09.2016 contract GBP18bn; EDF 03.07.2017 'initial delivery objective for Unit 1 at the end of 2025'; Jan-2024 update 2029-2031/GBP31-35bn 2015 (WNN). 'Christmas turkeys 2017' claim: reported speech, 2007, majority-attributed to EDF's de Rivaz (ITV 15.09.2016, Carbon Brief, ECIU) but Spectator 22.10.2015 attributes to EDF's Andrew Brown - USE WITH ATTRIBUTION CAVEAT ONLY. CAVEATS (in fig14 caption): baseline wording start-up/commissioning vs COD = months of ambiguity; FLA3 measured to grid; slips vs certified-COD baselines (Vogtle) predate first concrete. Gated/dead ends: ccomptes.fr timeout; NCE 403; TVO 2003 release no stable URL. Used in: nuclear_global r35/r46-60 cols L-N, article fig14 + section 9 lead sentence.",1,https://world-nuclear.org/information-library/country-profiles/countries-a-f/finland ; https://www.world-nuclear-news.org/Articles/First-concrete-at-Sanmen ; https://world-nuclear-news.org/Articles/Georgia-PSC-approves-new-Vogtle-units ; https://www.world-nuclear-news.org/Articles/Construction-of-Flamanville-EPR-begins ; https://www.constructionenquirer.com/2026/02/22/me-delay-pushes-hinkley-c-first-reactor-start-up-back-a-year/ ; https://www.edf.fr/en/the-edf-group/dedicated-sections/journalists/all-press-releases/clarifications-on-hinkley-point-c-project,2026-07-26,
S207,"SAN'AO-1 + TAISHAN-2 SCHEDULE ADDITIONS retrieved 2026-07-26 (owner request; article fig14 now 17 units; nuclear_global r61-62 via insert_rows(61,2) - cross-sheet refs checked first: only stage8_summary C6/C7 -> nuclear_global H10/C29, both above the insertion point, unaffected). (1) San'ao-1 (CGN, Hualong One, 1116 MWe net): first concrete 31.12.2020; grid 12.03.2026; commercial operation 29.04.2026 = 5 years 4 months (WNN 29.04.2026, VERIFIED in-session); era baseline WNN 04.01.2022 (San'ao-2 construction start article): 'San'ao 1 and 2 are scheduled to begin supplying electricity in 2026 and 2027, respectively' (VERIFIED in-session) -> ON PLAN; corroboration NucNet 04.04.2026, CNNC 14.03.2026 grid release. (2) Taishan-2 (EPR 1660 MWe): construction start 15.04.2010, grid 23.06.2019, commercial operation 07.09.2019 = 9.4 yr (PRIS; NucNet/WNN 2019 era articles corroborate); baseline = the SAME WNN 16.04.2010 article banked under S206 ('start up in 2013 and 2015, respectively') -> unit 2 planned 2015, slip ~4.2-4.5 yr. ROSTER NOTE: section D originally sampled one lead unit per project (Vogtle pair excepted); San'ao postdated the sample (COD 04/2026). Article prose updated: HPR1000 range 5.3-7.2. Used in: nuclear_global r61-62, DATA.delays, fig14.",1,https://www.world-nuclear-news.org/articles/first-unit-at-sanao-enters-commercial-operation ; https://www.world-nuclear-news.org/Articles/Second-San-ao-unit-under-construction ; https://world-nuclear-news.org/articles/second-epr-at-china-s-taishan-site-connected-to-gr ; https://www.world-nuclear-news.org/Articles/First-concrete-for-second-Taishan-reactor,2026-07-26,
S208,"TAIPINGLING SCHEDULE ADDITION retrieved 2026-07-26 (owner request - earlier 'taipling 2' was MISREAD as Taishan 2; both now covered). Taipingling-1 (CGN, Hualong One, 1116 MWe net, Huizhou/Guangdong): first concrete 26.12.2019 (Wikipedia/WNR corroborated); grid 13.02.2026; commercial operation 19.04.2026 = 6.31 yr (WNN 20.04.2026, VERIFIED in-session). BASELINE WEAK: 'The two units of the first phase... are expected to be put into operation and generate electricity in 2025' is from WNN 03.06.2024 (containment-completion article) - a mid-project restatement; era articles (WNR 11.11.2020 unit-2 FCD; WNN unit-1 criticality 04.02.2026) carry NO construction-start-era schedule; planned duration 5.5 = FCD -> mid-2025, slip ~+0.8, flagged with Fuqing/K-2 in the fig14 caption. Taipingling-2: FCD 15.10.2020, grid 04.07.2026 ('first kilowatt-hour', WNN 06.07.2026, VERIFIED), 'expected to officially commence power generation in the second half of 2026' - EXCLUDED from fig14 until COD (chart measures first concrete -> commercial operation); caption notes it joins at COD. nuclear_global r63 via insert_rows(63,1) - cross-sheet refs (stage8_summary C6/C7 -> H10/C29) above insertion, unaffected. Used in: r63, DATA.delays (18 rows), fig14.",1,https://www.world-nuclear-news.org/articles/first-taipingling-unit-enters-commercial-operation ; https://www.world-nuclear-news.org/Articles/Construction-of-containment-completed-of-Taipingli ; https://www.world-nuclear-news.org/articles/second-taipingling-unit-begins-supplying-power ; https://en.wikipedia.org/wiki/Taipingling_Nuclear_Power_Plant,2026-07-26,
S209,"DESNZ QEP table 3.4.2 (Annual inc CCL) — the D71 observed basis; and HMRC Excise Notice CCL1/3, the mineralogical/metallurgical exemption primary",1,https://assets.publishing.service.gov.uk/media/6942bd3536f089d38be1f246/table_341.xlsx ; https://www.gov.uk/government/publications/excise-notice-ccl13-climate-change-levy-reliefs-and-special-treatments-for-taxable-commodities,2026-07-27,"Sheet ""3.4.2 (Annual inc CCL)"". XL 2025 = 21.3789 p/kWh (3.4.1 = 20.9266); Large 2025 = 24.4008 (23.8480). Implied CCL paid as % of the statutory main rate: 2021 91.0, 2023 51.6, 2025 58.4 — reproduces the Q98 figures independently."
S210,Ofgem — Renewables Obligation scheme page (closure to new capacity),1,https://www.ofgem.gov.uk/environmental-and-social-schemes/renewables-obligation-ro,2026-07-27,"Verbatim: ""The Renewables Obligation scheme closed to all new generating capacity 1 April 2017."" Used in article v2 §3 for the levy-stack mechanism."
S211,DESNZ — Renewables Obligation scheme indexation changes: government response,1,https://www.gov.uk/government/consultations/renewables-obligation-ro-scheme-indexation-changes/outcome/renewables-obligation-ro-scheme-indexation-changes-government-response-html,2026-07-27,"Switch from RPI to CPI indexation of the RO buy-out price ahead of the April 2026 adjustment; ""savings in policy costs directly borne by consumers to the order of £270 million a year"" at its 2030 peak; RO generators ""come off the scheme between 2027 and 2037"". Article v2 §3 and §11."
S212,"DBT — British Industry Supercharger: Network Charging Compensation Scheme, government response (NCC scope)",1,https://www.gov.uk/government/consultations/british-industry-supercharger-network-charging-compensation-scheme/outcome/government-response-british-industry-supercharger-network-charging-compensation-scheme,2026-07-27,Verbatim: 'all BSUoS ... all DUoS (including annual connection charges and distribution losses in this context) and all TNUoS (including annual connection charges and transmission losses in this context) will be eligible for compensation'. Explicit EXCLUSIONS include AAHEDC charges and Settlement Use of System charges — this is the primary that verifies D30(e). Settles that the TNUoS demand residual is compensable.
S213,"NESO (National Grid ESO), Final TNUoS Tariffs for 2020/21, Jan 2020",1,https://www.neso.energy/document/163311/download,2026-07-27,"Total revenue to collect 2,843.0 GBP m; generation 374.9 / demand 2,468.1; charging bases HH avg gross triad 19.6 GW, NHH 4-7pm 25.1 TWh. stage7_network r73-76."
S214,"NESO, Final TNUoS Tariffs for 2021/22, Jan 2021 (Table 15 Allowed revenues; Table 16 G/D proportions; Table 17 Charging bases)",1,https://www.neso.energy/document/186176/download,2026-07-27,"3,318.5 total; 774.0 / 2,544.5; HH 18.3 GW, NHH 24.9 TWh."
S215,"NESO, Final TNUoS Tariffs Report 2022/23, Jan 2022 (Table 15 Allowed revenues; Table 18 Charging bases)",1,https://www.neso.energy/document/235056/download,2026-07-27,"3,594.3 total; 842.0 / 2,752.3; HH 19.41 GW, NHH 24.96 TWh."
S216,"NESO, Final TNUoS Tariffs for 2023/24, Jan 2023 (Table 16 Allowed revenues; Table 21 Charging bases)",1,https://www.neso.energy/document/275736/download,2026-07-27,"4,416.4 total; 943.9 / 3,472.5; HH 18.46 GW, NHH 24.23 TWh."
S217,"NESO, Final TNUoS Tariffs for 2024/25 v2.0, Jan 2024 (Table 16 Allowed revenues; Table 21 Charging bases)",1,https://www.neso.energy/document/301741/download,2026-07-27,"4,188.5 total; 1,058.0 / 3,130.5; HH 17.24 GW, NHH 22.98 TWh."
S218,"Ofgem, ED3 Sector Specific Methodology Decision (21.05.2026) para 2.123; Ofgem, Locational Charges Call for Input (26.03.2026) paras 4.3 and 4.8",1,https://www.ofgem.gov.uk/,2026-07-27,"Article section 10: the shrinking-base quote (""fixed costs are recovered over a shrinking base of megawatt hours"") and the observation that EIIs at 90 per cent compensation would not experience a significant locational signal. Carried from the grid exhibit; paragraph numbers not re-opened in this pass."
S219,"Ofgem, RIIO-3 Final Determinations — Overview and Impact Assessment (04.12.2025), Table 2",1,https://www.ofgem.gov.uk/,2026-07-27,Household network-charge build-up 222 -> 330 GBP/yr and its six components. stage7_network r93-94. Companion to S109.
S220,"Ofgem, Accelerated Strategic Transmission Investment (ASTI) framework decision, 15.12.2022; Energy Networks Association release",1,https://www.ofgem.gov.uk/decision/decision-accelerating-onshore-electricity-transmission-investment,2026-07-27,"Article sections 10 and 11: the accelerated transmission programme. Ofgem: ""around GBP 20bn of onshore transmission network investment across 26 projects"". The article previously said GBP 19.8bn, which matched no retrievable primary."
